{"type":"FeatureCollection","features":[{"type":"Feature","properties":{"name":"Vietnam"},"geometry":{"type":"MultiPolygon","coordinates":[[[[104.063965,10.39082],[104.083008,10.341113],[104.075781,10.224854],[104.036816,10.110742],[104.04834,10.061035],[104.018457,10.029199],[103.952148,10.24292],[103.867969,10.3354],[103.849512,10.371094],[103.898438,10.368506],[103.98584,10.426953],[104.027734,10.428369],[104.063965,10.39082]]],[[[107.972656,21.507959],[107.925781,21.498926],[107.809082,21.497119],[107.707227,21.405859],[107.636719,21.368066],[107.526953,21.33623],[107.409961,21.284814],[107.376172,21.194141],[107.37334,21.128467],[107.354297,21.055176],[107.164746,20.94873],[107.111719,20.95957],[107.075195,20.999268],[107.019238,20.991211],[106.981445,20.971387],[106.936426,20.974072],[106.88623,20.95],[106.820605,20.95752],[106.760254,20.991113],[106.725195,20.999902],[106.683398,21.000293],[106.675488,20.960498],[106.737305,20.806152],[106.753418,20.735059],[106.550781,20.526562],[106.572852,20.392187],[106.517969,20.288867],[106.395508,20.205908],[106.165723,19.992041],[106.062207,19.987354],[105.984082,19.939062],[105.813965,19.587451],[105.812109,19.466992],[105.785352,19.378857],[105.791113,19.294189],[105.716406,19.127783],[105.639063,19.057178],[105.621777,18.966309],[105.732031,18.779297],[105.744238,18.746289],[105.808203,18.64585],[105.839258,18.57417],[105.888281,18.50249],[106.065625,18.316357],[106.144531,18.259424],[106.239551,18.220703],[106.411914,18.053174],[106.499023,17.946436],[106.459375,17.873682],[106.478906,17.71958],[106.355859,17.765039],[106.370508,17.746875],[106.516797,17.662793],[106.735742,17.367188],[106.926172,17.221387],[107.119922,17.055518],[107.180371,16.897949],[107.355078,16.79375],[107.549316,16.642578],[107.54082,16.608643],[107.593457,16.568066],[107.724121,16.487842],[107.803125,16.403076],[107.833789,16.322461],[107.882031,16.309619],[107.936328,16.329395],[107.990723,16.337109],[108.029395,16.331104],[108.087988,16.242725],[108.169727,16.163672],[108.208984,16.091064],[108.24082,16.100781],[108.267383,16.089795],[108.274023,16.029053],[108.286035,15.989063],[108.395312,15.872461],[108.447461,15.762695],[108.577832,15.584717],[108.674219,15.483594],[108.742773,15.426611],[108.821289,15.37793],[108.898242,15.180518],[108.939941,15.001465],[109.022461,14.802832],[109.084863,14.716162],[109.087012,14.552588],[109.137305,14.384131],[109.191406,14.270459],[109.207324,14.154297],[109.223926,14.09668],[109.244629,14.053418],[109.30332,13.856445],[109.288086,13.765039],[109.24707,13.854736],[109.252051,13.590527],[109.288086,13.450781],[109.271875,13.279346],[109.30957,13.219189],[109.376758,13.025488],[109.423926,12.955957],[109.42002,12.719043],[109.444922,12.599609],[109.381445,12.670752],[109.335547,12.751904],[109.274023,12.709033],[109.218945,12.645801],[109.304688,12.391162],[109.206836,12.415381],[109.215723,12.0729],[109.25625,11.992871],[109.25918,11.954541],[109.247266,11.908691],[109.220215,11.958838],[109.214551,12.010449],[109.199121,11.999023],[109.199902,11.972461],[109.167285,11.912012],[109.15752,11.837109],[109.192676,11.773438],[109.198633,11.724854],[109.173242,11.664746],[109.13252,11.601074],[109.039648,11.592676],[109.018457,11.468359],[108.986719,11.336377],[108.820801,11.31543],[108.700293,11.199268],[108.55127,11.155957],[108.418555,11.040723],[108.27168,10.934277],[108.176172,10.920166],[108.094922,10.897266],[108.001367,10.720361],[107.845117,10.700098],[107.564453,10.555469],[107.470313,10.48584],[107.384473,10.458643],[107.261523,10.398389],[107.235059,10.419873],[107.194141,10.471582],[107.087793,10.49834],[107.035742,10.556299],[107.020703,10.630957],[107.006641,10.660547],[106.983691,10.618311],[106.966113,10.440723],[106.947461,10.400342],[106.902051,10.382812],[106.812695,10.433301],[106.727344,10.535645],[106.605859,10.464941],[106.643066,10.45625],[106.698438,10.462061],[106.741211,10.444385],[106.777539,10.376123],[106.77627,10.338965],[106.757422,10.295801],[106.643555,10.288916],[106.491699,10.304102],[106.464063,10.298291],[106.602441,10.231738],[106.729004,10.193311],[106.785254,10.151172],[106.785254,10.116455],[106.71416,10.060205],[106.65918,9.991406],[106.658105,9.94873],[106.656836,9.901074],[106.595605,9.859863],[106.557324,9.868066],[106.449121,9.939648],[106.136426,10.22168],[106.183594,10.14209],[106.507422,9.82124],[106.564355,9.715625],[106.572461,9.641113],[106.53916,9.603564],[106.484082,9.559424],[106.378027,9.556104],[106.204004,9.675439],[105.925684,9.961719],[105.830957,10.000732],[106.1125,9.673584],[106.158594,9.594141],[106.206152,9.502344],[106.192578,9.447803],[106.168359,9.396729],[105.500977,9.093213],[105.401367,8.962402],[105.322266,8.801123],[105.191211,8.711328],[105.114355,8.629199],[104.891895,8.583252],[104.77041,8.597656],[104.896289,8.746631],[104.818555,8.801855],[104.814648,9.185498],[104.845215,9.606152],[104.903223,9.81626],[104.987109,9.868652],[105.092578,9.900977],[105.094922,9.945264],[105.084473,9.995703],[105.027832,10.067432],[104.96582,10.100586],[104.873242,10.114795],[104.801953,10.202734],[104.747656,10.199121],[104.663477,10.169922],[104.612695,10.207666],[104.594043,10.266895],[104.516113,10.33999],[104.426367,10.41123],[104.466992,10.422363],[104.514063,10.46333],[104.564258,10.515967],[104.689648,10.523242],[104.81543,10.520801],[104.850586,10.534473],[104.90127,10.590234],[104.983887,10.661914],[105.046387,10.70166],[105.061133,10.733789],[105.036133,10.809375],[105.022266,10.886865],[105.045703,10.911377],[105.159473,10.897559],[105.284277,10.861475],[105.314648,10.845166],[105.386523,10.940088],[105.405762,10.951611],[105.452734,10.951416],[105.576563,10.968896],[105.697754,10.994043],[105.755078,10.98999],[105.810742,10.926074],[105.85332,10.863574],[105.875195,10.858496],[105.938184,10.885156],[105.990137,10.851807],[106.098828,10.797266],[106.163965,10.794922],[106.131543,10.921973],[106.167969,11.012305],[106.160937,11.037109],[106.099512,11.078662],[105.891602,11.244824],[105.856055,11.294287],[105.860938,11.372412],[105.854004,11.487061],[105.835352,11.559131],[105.838477,11.601318],[105.851465,11.63501],[105.889844,11.648389],[105.926562,11.65293],[105.95625,11.682471],[106.006055,11.758008],[106.10293,11.75127],[106.23916,11.70835],[106.339844,11.681836],[106.399219,11.687012],[106.4125,11.697803],[106.410742,11.738379],[106.417773,11.911719],[106.413867,11.948437],[106.499609,11.965527],[106.630957,11.969189],[106.700098,11.979297],[106.764648,12.052344],[106.930664,12.07749],[107.050684,12.175879],[107.158984,12.277051],[107.212109,12.304004],[107.279688,12.321582],[107.330078,12.319043],[107.393359,12.260498],[107.445996,12.295703],[107.506445,12.364551],[107.538086,12.431787],[107.555469,12.53999],[107.543555,12.705908],[107.511523,12.835742],[107.481543,12.933105],[107.475391,13.030371],[107.545508,13.225439],[107.605469,13.437793],[107.593945,13.52168],[107.528613,13.654199],[107.462305,13.815625],[107.389453,13.993018],[107.362109,14.019482],[107.342578,14.068896],[107.331445,14.126611],[107.360352,14.307861],[107.364453,14.368701],[107.448438,14.451221],[107.493164,14.545752],[107.535254,14.649951],[107.519434,14.705078],[107.51377,14.817383],[107.524512,14.871826],[107.504687,14.915918],[107.480371,14.979883],[107.496289,15.021436],[107.555273,15.057031],[107.589648,15.118457],[107.633691,15.189844],[107.653125,15.255225],[107.62168,15.309863],[107.564258,15.391602],[107.45957,15.46582],[107.33877,15.560498],[107.279395,15.618701],[107.232617,15.678076],[107.189551,15.747266],[107.165918,15.80249],[107.188867,15.838623],[107.360645,15.921729],[107.391992,15.95166],[107.410156,15.997852],[107.396387,16.043018],[107.350098,16.067383],[107.296484,16.084033],[107.217383,16.136328],[107.069727,16.279834],[107.001953,16.311816],[106.930664,16.353125],[106.892773,16.396533],[106.851074,16.515625],[106.832422,16.52627],[106.791602,16.490332],[106.739551,16.452539],[106.696094,16.458984],[106.656445,16.492627],[106.6375,16.537939],[106.593652,16.600098],[106.546191,16.650732],[106.533691,16.821045],[106.525977,16.876611],[106.502246,16.954102],[106.465332,16.981836],[106.425977,17.002539],[106.333398,17.143701],[106.269531,17.216797],[106.00625,17.415283],[105.973535,17.446973],[105.902734,17.528662],[105.779492,17.644434],[105.691406,17.737842],[105.627246,17.834424],[105.597656,17.918262],[105.588477,17.983691],[105.518555,18.077441],[105.458203,18.154297],[105.4,18.179248],[105.333496,18.189648],[105.273242,18.235352],[105.163281,18.338721],[105.114551,18.405273],[105.08584,18.450098],[105.087012,18.49624],[105.113477,18.573047],[105.14541,18.616797],[105.146484,18.650977],[105.115137,18.678857],[104.993164,18.72832],[104.716504,18.803418],[104.613281,18.860645],[104.517969,18.934082],[104.445801,18.983838],[104.108594,19.195557],[104.006348,19.230908],[103.918359,19.268506],[103.891602,19.30498],[103.896387,19.33999],[103.932031,19.366064],[104.027539,19.420459],[104.062891,19.482568],[104.051562,19.56416],[104.013477,19.646484],[104.032031,19.675146],[104.062793,19.678418],[104.127148,19.680859],[104.259863,19.685498],[104.546289,19.610547],[104.587891,19.61875],[104.743164,19.754736],[104.801758,19.836133],[104.815137,19.904004],[104.845801,19.947168],[104.92793,20.018115],[104.929199,20.082813],[104.888672,20.169092],[104.847852,20.202441],[104.812695,20.216846],[104.69873,20.205322],[104.676953,20.224707],[104.661914,20.289014],[104.656445,20.328516],[104.618848,20.374512],[104.496191,20.413672],[104.392188,20.424756],[104.367773,20.441406],[104.407813,20.485742],[104.478613,20.52959],[104.532715,20.554883],[104.575195,20.600244],[104.583203,20.64668],[104.530371,20.687988],[104.461426,20.73374],[104.349609,20.821094],[104.195312,20.913965],[104.101367,20.945508],[104.052051,20.941211],[103.882031,20.861426],[103.790527,20.809521],[103.714453,20.716943],[103.635059,20.69707],[103.554688,20.737842],[103.463574,20.779834],[103.210742,20.840625],[103.104492,20.89165],[102.883789,21.202588],[102.851172,21.265918],[102.872266,21.3375],[102.8875,21.439941],[102.90957,21.506348],[102.948633,21.569775],[102.95918,21.626221],[102.949609,21.681348],[102.917676,21.712939],[102.876172,21.722266],[102.845215,21.734766],[102.815918,21.807373],[102.798242,21.797949],[102.771094,21.709668],[102.738574,21.67793],[102.695312,21.662109],[102.662012,21.676025],[102.64082,21.711426],[102.63125,21.771338],[102.609668,21.851758],[102.58252,21.904297],[102.4875,21.957764],[102.442676,22.027148],[102.301367,22.178174],[102.183008,22.284033],[102.127441,22.379199],[102.175977,22.414648],[102.237012,22.466016],[102.302246,22.545996],[102.375781,22.646631],[102.406445,22.708008],[102.42793,22.732812],[102.470898,22.750928],[102.517188,22.741016],[102.598535,22.700391],[102.720996,22.648486],[102.830078,22.587158],[102.874219,22.525391],[102.935156,22.466162],[102.981934,22.448242],[103.005371,22.452979],[103.075879,22.49751],[103.136328,22.542236],[103.137598,22.592969],[103.193359,22.638525],[103.266309,22.713525],[103.300586,22.764404],[103.32666,22.769775],[103.356055,22.754688],[103.470996,22.597412],[103.492969,22.587988],[103.525391,22.611572],[103.570703,22.734424],[103.620215,22.782031],[103.637305,22.77002],[103.915039,22.538232],[103.941504,22.540088],[103.971387,22.550488],[103.99082,22.586133],[104.012695,22.666357],[104.053906,22.752295],[104.143066,22.800146],[104.2125,22.809424],[104.238281,22.768506],[104.29834,22.712012],[104.371777,22.704053],[104.526855,22.804102],[104.577539,22.82002],[104.631738,22.818213],[104.687305,22.822217],[104.740039,22.860498],[104.795703,22.911133],[104.814746,23.010791],[104.826563,23.100195],[104.864746,23.136377],[104.910156,23.160547],[104.995703,23.194336],[105.189063,23.281055],[105.23877,23.322119],[105.275391,23.345215],[105.350488,23.307666],[105.440137,23.235352],[105.494531,23.180859],[105.530859,23.121973],[105.548145,23.072656],[105.691211,23.029932],[105.782324,22.969336],[105.842969,22.922803],[105.902637,22.924951],[105.962305,22.937451],[106.000977,22.974756],[106.068457,22.975537],[106.148438,22.970068],[106.183984,22.955127],[106.249414,22.869434],[106.279004,22.857471],[106.338086,22.863477],[106.450879,22.893896],[106.541797,22.90835],[106.624023,22.874268],[106.780273,22.778906],[106.736328,22.710938],[106.701563,22.637744],[106.633105,22.586035],[106.582422,22.573242],[106.550391,22.501367],[106.536328,22.39541],[106.553613,22.341699],[106.593164,22.324512],[106.636523,22.288623],[106.654199,22.241455],[106.660059,22.136475],[106.657715,22.018213],[106.663574,21.978906],[106.697656,21.986182],[106.729492,22.000342],[106.794141,21.981982],[106.874512,21.95127],[106.925195,21.920117],[106.970996,21.923926],[107.006445,21.893408],[107.019824,21.834863],[107.061621,21.794189],[107.178516,21.71709],[107.27207,21.710645],[107.351172,21.608887],[107.433496,21.642285],[107.471387,21.59834],[107.641016,21.613916],[107.759277,21.655029],[107.802051,21.645166],[107.908398,21.5604],[107.972656,21.507959]]],[[[106.61748,8.682812],[106.589258,8.680518],[106.567969,8.700928],[106.658594,8.766357],[106.649512,8.722998],[106.652539,8.701123],[106.61748,8.682812]]],[[[107.167676,10.397168],[107.083789,10.336572],[107.07793,10.3875],[107.150879,10.420312],[107.176562,10.446191],[107.194922,10.445703],[107.167676,10.397168]]],[[[106.865625,20.815723],[106.854102,20.796387],[106.803125,20.84375],[106.769434,20.864209],[106.795313,20.92793],[106.855078,20.858252],[106.865625,20.815723]]],[[[107.602734,21.216797],[107.458691,21.09165],[107.403516,21.093652],[107.452539,21.235303],[107.47627,21.268945],[107.562695,21.22041],[107.602734,21.216797]]],[[[107.521289,20.926611],[107.465527,20.900537],[107.399219,20.903467],[107.478613,20.952344],[107.518945,21.012842],[107.55127,21.034033],[107.551074,20.981201],[107.521289,20.926611]]],[[[107.031348,20.747021],[106.990039,20.743066],[106.910645,20.824219],[106.953418,20.867041],[107.04375,20.836816],[107.064453,20.817285],[107.063965,20.799756],[107.042285,20.761035],[107.031348,20.747021]]]]}},{"type":"Feature","properties":{"name":"Thailand"},"geometry":{"type":"MultiPolygon","coordinates":[[[[102.606445,11.676514],[102.589941,11.572168],[102.532813,11.614941],[102.546484,11.667773],[102.568945,11.691699],[102.606445,11.676514]]],[[[102.426758,11.988721],[102.42998,11.964746],[102.378125,11.982959],[102.359961,11.974414],[102.301953,11.980811],[102.27334,12.119336],[102.277441,12.151855],[102.318848,12.14165],[102.378125,12.072852],[102.408398,12.025098],[102.426758,11.988721]]],[[[98.409082,7.902051],[98.398438,7.828418],[98.357422,7.829443],[98.315625,7.782324],[98.296289,7.776074],[98.262305,7.926074],[98.301367,8.13623],[98.32207,8.166309],[98.350977,8.110645],[98.434961,8.085645],[98.398828,7.964551],[98.409082,7.902051]]],[[[100.122461,20.31665],[100.114941,20.257666],[100.139746,20.24541],[100.174121,20.272754],[100.218066,20.3396],[100.266016,20.377295],[100.317969,20.385889],[100.373145,20.340381],[100.431543,20.240723],[100.491602,20.184082],[100.519531,20.17793],[100.539941,20.132373],[100.543066,20.088672],[100.514551,19.996338],[100.466211,19.888916],[100.397656,19.756104],[100.420117,19.644482],[100.513574,19.553467],[100.625488,19.499854],[100.743945,19.514746],[100.806836,19.541943],[100.858203,19.585059],[100.906055,19.605371],[100.966504,19.610791],[101.154688,19.579199],[101.211914,19.54834],[101.220801,19.486621],[101.197559,19.32793],[101.226562,19.211523],[101.279883,19.088916],[101.286328,18.977148],[101.220508,18.792773],[101.165527,18.618311],[101.106348,18.533545],[101.060449,18.479004],[101.046973,18.441992],[101.050586,18.407031],[101.092773,18.354541],[101.1375,18.286865],[101.14873,18.222168],[101.143945,18.142627],[101.113281,18.033545],[100.999023,17.797168],[100.908496,17.583887],[100.955859,17.541113],[101.045703,17.509961],[101.105176,17.479541],[101.16748,17.499023],[101.299707,17.625],[101.413672,17.71875],[101.555078,17.812354],[101.563672,17.820508],[101.6875,17.889404],[101.744141,17.952686],[101.774805,18.033398],[101.818652,18.064648],[101.875488,18.046436],[101.947461,18.081494],[102.03457,18.169824],[102.101465,18.210645],[102.148242,18.203857],[102.231641,18.148975],[102.351855,18.045947],[102.458789,17.984619],[102.552539,17.965088],[102.598242,17.926758],[102.596094,17.869629],[102.616797,17.83335],[102.660645,17.817969],[102.680078,17.824121],[102.675195,17.851758],[102.717578,17.892236],[102.807422,17.945557],[102.898633,17.976904],[102.991406,17.98623],[103.051367,18.028516],[103.091211,18.138232],[103.148535,18.221729],[103.199707,18.259473],[103.263184,18.278467],[103.27959,18.30498],[103.248926,18.338965],[103.251758,18.373486],[103.288281,18.408398],[103.366992,18.42334],[103.487988,18.418164],[103.629687,18.382568],[103.792285,18.316504],[103.898828,18.295313],[103.949609,18.318994],[104.04873,18.216699],[104.196191,17.988379],[104.322656,17.81582],[104.428125,17.698975],[104.539258,17.609277],[104.655859,17.546729],[104.739648,17.46167],[104.816016,17.300293],[104.758984,17.077148],[104.743555,16.884375],[104.750586,16.647559],[104.819336,16.466064],[104.949902,16.339941],[105.025781,16.237988],[105.047168,16.160254],[105.14873,16.093555],[105.330664,16.037891],[105.40625,15.987451],[105.375586,15.942188],[105.373242,15.889697],[105.398926,15.829883],[105.462012,15.78042],[105.562402,15.74126],[105.62207,15.699951],[105.641016,15.656543],[105.638867,15.585938],[105.615625,15.488281],[105.57373,15.413232],[105.513184,15.360889],[105.505859,15.319629],[105.49043,15.256592],[105.49043,15.127588],[105.533398,15.041602],[105.54668,14.932471],[105.523047,14.843311],[105.500195,14.66123],[105.497363,14.590674],[105.475586,14.530127],[105.422656,14.471631],[105.342188,14.416699],[105.243652,14.367871],[105.183301,14.34624],[105.169141,14.336084],[105.125977,14.280957],[105.074121,14.227441],[105.033691,14.227393],[105.003418,14.254443],[104.982422,14.289453],[104.969727,14.366113],[104.878809,14.404004],[104.779004,14.427832],[104.575781,14.390039],[104.411621,14.36958],[104.227734,14.395508],[104.054297,14.362744],[103.981836,14.35791],[103.898633,14.362793],[103.818359,14.362158],[103.741895,14.37417],[103.600391,14.421094],[103.546387,14.417432],[103.432422,14.378613],[103.313477,14.351318],[103.199414,14.332617],[103.031055,14.252539],[102.909277,14.136719],[102.873242,14.054883],[102.812793,13.972461],[102.728906,13.841895],[102.62041,13.716943],[102.544727,13.659961],[102.565527,13.626367],[102.546875,13.585693],[102.428516,13.567578],[102.336328,13.560303],[102.319727,13.53999],[102.330762,13.288232],[102.362988,13.192969],[102.422656,13.077979],[102.461719,13.015039],[102.490723,12.82832],[102.499609,12.669971],[102.629687,12.569922],[102.70332,12.493506],[102.755664,12.42627],[102.737402,12.383398],[102.70625,12.255664],[102.736621,12.089795],[102.918066,11.73208],[102.933887,11.706689],[102.912305,11.703857],[102.883691,11.772754],[102.791602,11.888623],[102.762988,12.012451],[102.654883,12.148828],[102.594141,12.203027],[102.574805,12.157812],[102.540234,12.109229],[102.434082,12.179248],[102.343164,12.252588],[102.259082,12.394336],[102.248438,12.361426],[102.22959,12.331641],[102.13418,12.443018],[102.034375,12.531885],[101.944531,12.563672],[101.889063,12.593262],[101.835742,12.640381],[101.723633,12.689355],[101.444922,12.618945],[101.090234,12.673633],[100.953711,12.62124],[100.897754,12.653809],[100.863281,12.714502],[100.896387,12.818164],[100.903906,13.034912],[100.946094,13.187256],[100.92627,13.303027],[100.946973,13.357568],[100.962695,13.431982],[100.906543,13.462402],[100.656055,13.521289],[100.60293,13.568164],[100.536426,13.514453],[100.235645,13.484473],[100.122363,13.439551],[100.01748,13.353174],[99.990527,13.243457],[100.051074,13.17124],[100.089941,13.045654],[99.982031,12.771484],[99.963965,12.690039],[100.005664,12.354736],[99.989062,12.170801],[99.930273,12.047461],[99.837109,11.936621],[99.79873,11.748779],[99.725488,11.661768],[99.627344,11.462891],[99.561328,11.215186],[99.514355,11.100586],[99.486914,10.889551],[99.284766,10.569141],[99.237305,10.388135],[99.165039,10.319824],[99.190332,10.265869],[99.194629,10.175439],[99.169336,9.93418],[99.160742,9.734033],[99.191309,9.627148],[99.288281,9.4146],[99.265039,9.352979],[99.253906,9.265234],[99.335449,9.225439],[99.393848,9.213721],[99.723828,9.314209],[99.835547,9.288379],[99.877539,9.194629],[99.904688,9.112891],[99.960645,8.67124],[99.989551,8.589209],[100.05625,8.511133],[100.129297,8.428076],[100.154102,8.442969],[100.158887,8.473779],[100.163477,8.508398],[100.228711,8.424707],[100.279395,8.268506],[100.453516,7.442285],[100.503711,7.337305],[100.545215,7.226904],[100.439355,7.280762],[100.410742,7.464307],[100.380371,7.541504],[100.342969,7.552881],[100.283789,7.551514],[100.27998,7.584326],[100.324316,7.644189],[100.317383,7.715967],[100.256641,7.774902],[100.158203,7.728125],[100.160742,7.599268],[100.204883,7.500537],[100.371387,7.280127],[100.423535,7.187842],[100.489746,7.161377],[100.58623,7.175977],[100.70166,7.081982],[100.792578,6.994678],[101.017871,6.860937],[101.154395,6.875146],[101.301953,6.908301],[101.400879,6.899561],[101.497949,6.865283],[101.614258,6.753955],[101.799219,6.474609],[102.101074,6.242236],[102.068359,6.184668],[102.055176,6.09668],[101.936133,5.979346],[101.917188,5.911377],[101.873633,5.825293],[101.790723,5.779346],[101.719531,5.770605],[101.678418,5.778809],[101.65,5.795996],[101.601367,5.877148],[101.576758,5.902002],[101.556055,5.907764],[101.404199,5.85166],[101.257031,5.789355],[101.229785,5.733691],[101.190625,5.66875],[101.147656,5.643066],[101.113965,5.636768],[101.081738,5.674902],[101.025195,5.724512],[100.981641,5.771045],[100.992773,5.846191],[101.075586,5.956494],[101.086523,6.033691],[101.075977,6.166064],[101.053516,6.242578],[101.029395,6.245312],[100.98877,6.257666],[100.873926,6.24541],[100.816504,6.331641],[100.79375,6.426172],[100.754492,6.460059],[100.715625,6.480664],[100.629492,6.447998],[100.563867,6.467529],[100.34541,6.549902],[100.261426,6.682715],[100.216602,6.686621],[100.176758,6.671826],[100.16123,6.641602],[100.137988,6.488672],[100.119141,6.441992],[99.868652,6.749902],[99.695996,6.87666],[99.720313,7.106201],[99.667773,7.150879],[99.602441,7.155322],[99.553027,7.218799],[99.596973,7.355615],[99.529102,7.329492],[99.435156,7.334375],[99.358594,7.372217],[99.300391,7.561328],[99.263672,7.619043],[99.183398,7.718066],[99.077637,7.718066],[99.042676,7.765625],[99.051074,7.887842],[98.973926,7.962793],[98.872461,8.023926],[98.788672,8.059814],[98.703516,8.256738],[98.636328,8.305029],[98.579199,8.344287],[98.499805,8.317822],[98.474023,8.246924],[98.420996,8.178223],[98.360742,8.186963],[98.305469,8.226221],[98.238184,8.423096],[98.226953,8.543652],[98.241797,8.767871],[98.325977,8.968945],[98.371387,9.290527],[98.443164,9.492822],[98.492969,9.561426],[98.561914,9.8375],[98.702539,10.190381],[98.718457,10.266016],[98.746875,10.35083],[98.768359,10.430859],[98.775391,10.557031],[98.757227,10.623584],[98.757227,10.660937],[98.786914,10.708447],[98.887109,10.78833],[99.025391,10.919971],[99.190137,11.105273],[99.358789,11.389453],[99.442676,11.554395],[99.47793,11.6125],[99.515234,11.630664],[99.572852,11.687158],[99.6125,11.749658],[99.614746,11.781201],[99.522949,12.089648],[99.462891,12.190234],[99.432422,12.309033],[99.416309,12.394824],[99.394238,12.473633],[99.405078,12.5479],[99.371973,12.594238],[99.297363,12.652881],[99.219824,12.739746],[99.173535,12.881934],[99.173535,12.961328],[99.123926,13.030762],[99.107422,13.103516],[99.137109,13.172998],[99.176172,13.233057],[99.17168,13.496924],[99.156055,13.575781],[99.136816,13.716699],[99.08623,13.822754],[99.014648,13.947168],[98.933594,14.049854],[98.721191,14.235742],[98.57002,14.359912],[98.49502,14.4729],[98.400195,14.602979],[98.332129,14.696484],[98.245996,14.814746],[98.202148,14.975928],[98.17793,15.147412],[98.191016,15.204102],[98.232227,15.241357],[98.286133,15.271582],[98.329395,15.278564],[98.452148,15.357373],[98.537305,15.350684],[98.556934,15.367676],[98.565234,15.403564],[98.554492,15.559766],[98.558203,15.768604],[98.574023,15.938623],[98.592383,16.050684],[98.817969,16.180811],[98.865527,16.237061],[98.888477,16.298096],[98.888281,16.351904],[98.869336,16.394189],[98.835449,16.417578],[98.689258,16.30542],[98.660742,16.33042],[98.593652,16.514795],[98.564746,16.570947],[98.523145,16.638184],[98.478125,16.732227],[98.471191,16.89502],[98.438867,16.975684],[98.256543,17.147656],[98.174609,17.239893],[98.063086,17.373291],[97.929297,17.533301],[97.792969,17.68125],[97.729102,17.77583],[97.706445,17.797119],[97.698535,17.833545],[97.739941,17.935303],[97.719727,18.037402],[97.651563,18.17373],[97.622461,18.258008],[97.632227,18.290332],[97.599316,18.302979],[97.523828,18.295898],[97.450781,18.359668],[97.380664,18.494287],[97.373926,18.517969],[97.39707,18.517529],[97.484961,18.494238],[97.515137,18.497754],[97.577344,18.528711],[97.671582,18.56123],[97.727734,18.572021],[97.745898,18.588184],[97.754004,18.620801],[97.706055,18.931787],[97.71416,18.996484],[97.803906,19.130469],[97.793555,19.265869],[97.816797,19.459961],[97.916406,19.592871],[97.991211,19.653711],[98.015039,19.749512],[98.049023,19.769727],[98.111035,19.762158],[98.239062,19.690674],[98.293652,19.687256],[98.371289,19.68916],[98.45498,19.694434],[98.493848,19.701318],[98.760645,19.771094],[98.819531,19.778467],[98.875781,19.76958],[98.916699,19.7729],[98.958008,19.804932],[98.987402,19.861377],[99.020703,20.041797],[99.039746,20.073633],[99.074219,20.099365],[99.130762,20.116602],[99.196875,20.115137],[99.283691,20.08042],[99.337891,20.078906],[99.399219,20.093457],[99.451563,20.118311],[99.485938,20.149854],[99.50166,20.187744],[99.4875,20.260645],[99.447949,20.352051],[99.458887,20.363037],[99.531641,20.342822],[99.638672,20.320459],[99.720117,20.325439],[99.77334,20.341309],[99.825195,20.384473],[99.890332,20.424414],[99.954297,20.41543],[100.003613,20.37959],[100.122461,20.31665]]],[[[100.074121,9.69668],[100.064453,9.67998],[100.025684,9.711719],[99.998047,9.747607],[99.983398,9.793555],[100.043457,9.79165],[100.073047,9.749121],[100.074121,9.69668]]],[[[100.070703,9.586035],[100.075293,9.529443],[100.053711,9.461426],[99.962402,9.421631],[99.93125,9.476074],[99.939551,9.559961],[99.953613,9.581006],[100.042969,9.576855],[100.070703,9.586035]]],[[[99.663086,6.521924],[99.644043,6.516113],[99.606641,6.596826],[99.654004,6.714111],[99.701367,6.570557],[99.663086,6.521924]]],[[[98.591992,7.933936],[98.57998,7.917041],[98.529395,8.108545],[98.604297,8.057324],[98.591992,7.933936]]],[[[98.30752,9.051465],[98.250781,9.04082],[98.258398,9.09541],[98.273633,9.129883],[98.301172,9.139111],[98.3125,9.080371],[98.30752,9.051465]]],[[[99.078418,7.591846],[99.104395,7.471289],[99.067871,7.495898],[99.037695,7.548486],[99.038086,7.625732],[99.045117,7.636523],[99.078418,7.591846]]]]}},{"type":"Feature","properties":{"name":"Taiwan"},"geometry":{"type":"MultiPolygon","coordinates":[[[[121.008789,22.620361],[120.946875,22.503076],[120.897363,22.37915],[120.877344,22.262207],[120.878418,22.141553],[120.864258,22.032666],[120.839844,21.925],[120.742773,21.956006],[120.690137,22.033105],[120.678027,22.159668],[120.607617,22.312549],[120.58125,22.356396],[120.479785,22.441895],[120.387598,22.484521],[120.316211,22.547607],[120.325586,22.542432],[120.272852,22.627441],[120.232813,22.71792],[120.150098,22.974902],[120.121582,23.037012],[120.083398,23.093701],[120.072461,23.149756],[120.085547,23.212061],[120.121191,23.305176],[120.142969,23.399072],[120.125391,23.526611],[120.132129,23.65293],[120.158984,23.709033],[120.629687,24.478516],[120.757422,24.642285],[120.835938,24.722656],[120.901563,24.813281],[120.964063,24.927979],[121.040625,25.032812],[121.09541,25.065088],[121.36543,25.15918],[121.449609,25.249023],[121.51709,25.276904],[121.593652,25.275342],[121.643066,25.232422],[121.687109,25.181592],[121.733301,25.154102],[121.852832,25.104443],[121.905176,25.056445],[121.929004,24.97373],[121.85625,24.895264],[121.820117,24.824512],[121.813379,24.746338],[121.826367,24.640527],[121.828027,24.534375],[121.737012,24.285254],[121.639355,24.130078],[121.613086,24.052734],[121.583398,23.860889],[121.526074,23.668262],[121.477148,23.424072],[121.397461,23.17251],[121.352246,23.067285],[121.295898,22.966602],[121.16123,22.776367],[121.008789,22.620361]]],[[[118.407422,24.522119],[118.451172,24.455566],[118.432715,24.414355],[118.295117,24.436328],[118.287305,24.476611],[118.339355,24.469141],[118.407422,24.522119]]]]}},{"type":"Feature","properties":{"name":"South Korea"},"geometry":{"type":"MultiPolygon","coordinates":[[[[126.633887,37.781836],[126.664551,37.800732],[126.666504,37.82793],[126.666797,37.917187],[126.754297,37.978955],[126.878906,38.106055],[126.940039,38.175586],[127.009668,38.240527],[127.090332,38.283887],[127.169531,38.304541],[127.294043,38.313281],[127.532715,38.30498],[127.579492,38.3125],[127.745508,38.319238],[127.784668,38.307715],[127.905273,38.300439],[128.038965,38.308545],[128.10625,38.327344],[128.168652,38.359326],[128.223145,38.416992],[128.279297,38.523779],[128.339453,38.607861],[128.374609,38.623437],[128.618848,38.176074],[128.852441,37.887061],[129.051563,37.677637],[129.335156,37.274561],[129.418262,37.059033],[129.426172,36.925537],[129.473438,36.741895],[129.433008,36.636621],[129.44502,36.470703],[129.427148,36.385498],[129.392578,36.322705],[129.391309,36.202148],[129.402441,36.137646],[129.403516,36.052148],[129.425781,36.018799],[129.458301,36.006445],[129.509766,36.037598],[129.572852,36.050537],[129.561719,35.947656],[129.485449,35.687402],[129.419141,35.497852],[129.329004,35.332764],[129.21416,35.181836],[129.076758,35.122705],[128.980078,35.101514],[128.795703,35.093896],[128.642578,35.11958],[128.510938,35.100977],[128.458105,35.069434],[128.418848,35.015674],[128.447656,34.93208],[128.443945,34.870361],[128.387695,34.875098],[128.275977,34.910986],[128.152344,34.915869],[128.094531,34.933594],[128.03623,35.021973],[127.976758,35.018701],[127.873242,34.966309],[127.714844,34.954687],[127.659082,34.926367],[127.639355,34.889697],[127.6625,34.843408],[127.742188,34.782568],[127.71543,34.721045],[127.632422,34.690234],[127.56543,34.765918],[127.523633,34.840088],[127.476953,34.844287],[127.404297,34.823096],[127.389648,34.743018],[127.423438,34.688477],[127.479102,34.625244],[127.401172,34.552539],[127.380566,34.500635],[127.324609,34.463281],[127.173438,34.546143],[127.194922,34.605029],[127.260547,34.66167],[127.268652,34.720361],[127.24707,34.755127],[127.030762,34.606885],[126.897461,34.438867],[126.82627,34.451074],[126.796484,34.494287],[126.754785,34.511865],[126.61084,34.403516],[126.584375,34.317529],[126.531445,34.314258],[126.508301,34.350635],[126.506445,34.428369],[126.481738,34.493945],[126.332617,34.589648],[126.264453,34.673242],[126.301074,34.719971],[126.425586,34.69458],[126.524512,34.6979],[126.50498,34.737549],[126.472852,34.756348],[126.538574,34.778662],[126.593359,34.824365],[126.547949,34.836768],[126.478516,34.810352],[126.420703,34.823389],[126.397852,34.932812],[126.327441,35.045117],[126.291113,35.15415],[126.360547,35.216895],[126.395898,35.314404],[126.460449,35.455615],[126.492773,35.50127],[126.582227,35.534473],[126.614062,35.570996],[126.564941,35.589746],[126.486523,35.606348],[126.488477,35.64707],[126.541895,35.669336],[126.601562,35.714209],[126.717383,35.768848],[126.753027,35.871973],[126.719629,35.8979],[126.647461,35.922412],[126.663672,35.974512],[126.693457,36.01416],[126.682324,36.037939],[126.59707,36.105029],[126.54043,36.166162],[126.557227,36.23584],[126.544238,36.341211],[126.551953,36.429688],[126.548242,36.477637],[126.506641,36.585645],[126.487695,36.693799],[126.433008,36.678027],[126.38877,36.651172],[126.230664,36.689258],[126.180859,36.691602],[126.160547,36.771924],[126.217188,36.870947],[126.351562,36.958203],[126.428711,36.969043],[126.487012,37.007471],[126.577734,37.01958],[126.686719,36.960352],[126.784473,36.948437],[126.83877,36.846094],[126.87207,36.824463],[126.879102,36.862061],[126.958008,36.906152],[126.976855,36.939404],[126.959766,36.957617],[126.868945,36.975732],[126.787402,37.102734],[126.776074,37.158203],[126.746387,37.193555],[126.790527,37.294922],[126.696191,37.410693],[126.650293,37.447119],[126.656836,37.551172],[126.607617,37.617432],[126.580176,37.65376],[126.563379,37.716504],[126.577734,37.744727],[126.620703,37.755469],[126.633887,37.781836]]],[[[128.741016,34.798535],[128.64668,34.736865],[128.519531,34.81958],[128.489258,34.865283],[128.585938,34.932275],[128.667969,35.008789],[128.721875,35.013574],[128.741016,34.798535]]],[[[128.06582,34.805859],[128.054688,34.708057],[127.983984,34.703223],[127.941797,34.76626],[127.896875,34.735498],[127.873438,34.734961],[127.838281,34.81333],[127.832227,34.874512],[127.91543,34.920996],[127.965625,34.893018],[128.037988,34.878613],[128.06582,34.805859]]],[[[126.233691,34.370508],[126.169727,34.355176],[126.133789,34.3896],[126.108594,34.39873],[126.122852,34.443945],[126.227051,34.532715],[126.247461,34.56333],[126.343848,34.544922],[126.379883,34.497949],[126.335449,34.426416],[126.233691,34.370508]]],[[[126.520703,37.736816],[126.516016,37.604687],[126.46084,37.610352],[126.42334,37.623633],[126.407227,37.649414],[126.369336,37.772021],[126.411621,37.822656],[126.493555,37.782568],[126.520703,37.736816]]],[[[126.753027,34.343994],[126.769922,34.296436],[126.689063,34.30542],[126.646094,34.351123],[126.651855,34.390332],[126.7,34.395898],[126.753027,34.343994]]],[[[127.799023,34.615039],[127.787793,34.584082],[127.737305,34.630908],[127.787109,34.682129],[127.799023,34.615039]]],[[[126.417578,36.492578],[126.403809,36.427881],[126.3375,36.470557],[126.318555,36.612549],[126.386621,36.571143],[126.417578,36.492578]]],[[[126.171973,34.731152],[126.158789,34.706982],[126.115234,34.714209],[126.070605,34.783057],[126.052051,34.837549],[126.00752,34.86748],[126.078418,34.914844],[126.168555,34.829687],[126.171973,34.731152]]],[[[130.916016,37.478467],[130.870605,37.44873],[130.816797,37.478467],[130.810254,37.509912],[130.838379,37.537207],[130.903711,37.553711],[130.934277,37.529736],[130.916016,37.478467]]],[[[126.326953,33.223633],[126.282031,33.201514],[126.240234,33.214844],[126.229004,33.225244],[126.178711,33.282568],[126.165625,33.312012],[126.199414,33.368066],[126.337695,33.4604],[126.695508,33.549316],[126.759863,33.553223],[126.901172,33.515137],[126.93125,33.443848],[126.905371,33.382373],[126.872852,33.341162],[126.70918,33.27168],[126.581738,33.23833],[126.326953,33.223633]]]]}},{"type":"Feature","properties":{"name":"Russia"},"geometry":{"type":"MultiPolygon","coordinates":[[[[145.881543,43.459521],[145.895605,43.454541],[145.913867,43.455371],[145.931152,43.457031],[145.941113,43.445459],[145.943555,43.426465],[145.931152,43.425635],[145.907227,43.422314],[145.893945,43.419824],[145.886523,43.433057],[145.881543,43.443799],[145.869141,43.450439],[145.869141,43.457861],[145.881543,43.459521]]],[[[146.358789,43.625391],[146.332324,43.619922],[146.288184,43.625391],[146.273828,43.629834],[146.283691,43.638623],[146.310156,43.651855],[146.333301,43.647461],[146.349805,43.644141],[146.358789,43.625391]]],[[[146.045605,43.409326],[146.032324,43.407129],[146.028027,43.420361],[146.048926,43.433594],[146.088574,43.449023],[146.100781,43.440186],[146.086328,43.429199],[146.069922,43.421484],[146.045605,43.409326]]],[[[137.178613,55.100439],[137.055273,54.926758],[136.969434,54.923975],[136.902734,54.960645],[136.765137,54.946045],[136.714648,54.956152],[136.795313,55.009375],[136.995703,55.092725],[137.077539,55.091748],[137.156055,55.107813],[137.178613,55.100439]]],[[[150.589941,59.01875],[150.511133,59.007422],[150.471777,59.034766],[150.470215,59.054053],[150.59248,59.097217],[150.666211,59.160156],[150.712695,59.122461],[150.727734,59.095215],[150.589941,59.01875]]],[[[120.261328,73.089844],[120.00791,73.044873],[119.79209,73.04541],[119.64043,73.124316],[119.761914,73.155469],[119.964453,73.167676],[120.078516,73.156738],[120.236816,73.107275],[120.261328,73.089844]]],[[[124.542969,73.850098],[124.481738,73.8479],[124.366406,73.874609],[124.335742,73.910303],[124.336523,73.928369],[124.429688,73.943018],[124.547656,73.933838],[124.636914,73.900391],[124.65293,73.888037],[124.542969,73.850098]]],[[[106.27041,78.206201],[106.151074,78.198633],[106.023633,78.220117],[106.058398,78.264648],[106.350586,78.272607],[106.456836,78.340039],[106.64043,78.33623],[106.691211,78.31665],[106.719629,78.294189],[106.718945,78.26499],[106.679102,78.26499],[106.504687,78.26167],[106.472461,78.24502],[106.27041,78.206201]]],[[[107.414746,77.242676],[107.302246,77.241504],[107.269531,77.289014],[107.366406,77.346631],[107.486426,77.347119],[107.593652,77.330029],[107.629297,77.319678],[107.664551,77.299805],[107.679492,77.268262],[107.414746,77.242676]]],[[[97.588379,76.599365],[97.535254,76.584424],[97.430371,76.590723],[97.341699,76.628857],[97.310352,76.6896],[97.381641,76.706689],[97.588379,76.599365]]],[[[96.853906,76.19917],[96.797852,76.188428],[96.754492,76.195752],[96.739355,76.206934],[96.740234,76.257861],[96.83291,76.32417],[96.835254,76.344824],[96.87793,76.355225],[96.990234,76.343408],[97.045313,76.315381],[97.053027,76.302588],[96.974219,76.236523],[96.853906,76.19917]]],[[[100.135938,79.614209],[99.91543,79.601611],[99.942285,79.671436],[99.955762,79.690332],[100.068359,79.701025],[100.141504,79.683691],[100.300293,79.670264],[100.135938,79.614209]]],[[[96.526563,81.075586],[96.563086,81.030078],[96.693262,80.994189],[96.75498,80.957861],[97.413672,80.841846],[97.703027,80.826709],[97.831836,80.798291],[97.869922,80.763281],[97.856445,80.698096],[97.747168,80.698682],[97.66543,80.678076],[97.221387,80.652441],[97.113086,80.614063],[97.025391,80.535547],[97.072559,80.519873],[97.115039,80.496582],[97.250195,80.362988],[97.286816,80.342529],[97.416992,80.323145],[97.298438,80.272754],[97.175195,80.241016],[95.855762,80.176953],[94.961328,80.150391],[94.66123,80.122803],[94.565039,80.126074],[94.328418,80.076025],[93.872363,80.010107],[93.654688,80.009619],[93.002344,80.1021],[92.201563,80.179297],[92.092188,80.22334],[91.891602,80.249268],[91.637402,80.269922],[91.523828,80.358545],[91.687793,80.418506],[91.89668,80.477539],[92.24668,80.499121],[92.57793,80.533252],[92.826758,80.618555],[92.981055,80.702979],[93.2625,80.79126],[92.772949,80.768652],[92.592578,80.780859],[92.610156,80.81001],[92.710352,80.872168],[92.764648,80.893066],[92.938672,80.92583],[93.065137,80.988477],[93.358691,81.031689],[93.497363,81.039209],[93.636719,81.038135],[93.888867,81.058398],[94.140137,81.089453],[94.375488,81.107373],[94.611621,81.114648],[94.837891,81.139404],[95.060938,81.188086],[95.15957,81.270996],[95.800684,81.280469],[95.901953,81.260596],[95.983984,81.211426],[96.075195,81.192773],[96.186914,81.183936],[96.471094,81.099268],[96.526563,81.075586]]],[[[97.674512,80.158252],[97.903613,80.09502],[98.017773,80.022852],[97.906738,80.00376],[97.80791,79.956299],[97.759961,79.89585],[97.626953,79.850439],[97.591309,79.774951],[97.65166,79.760645],[97.724512,79.781396],[97.870703,79.852637],[98.064551,79.901074],[98.273242,79.874121],[98.353125,79.884326],[98.499023,79.953125],[98.471875,80.009131],[98.531836,80.043604],[98.596484,80.052197],[98.865918,80.04541],[99.294922,80.016357],[99.370703,79.986377],[99.473047,79.970166],[99.536133,79.941309],[99.726562,79.919922],[99.818359,79.898193],[99.946582,79.848975],[100.06123,79.7771],[99.91582,79.73833],[99.839258,79.668945],[99.805469,79.653076],[99.781641,79.628271],[99.771094,79.567725],[99.748828,79.515186],[99.721191,79.491846],[99.70625,79.463477],[99.721582,79.385107],[99.680664,79.32334],[99.537305,79.276562],[99.387793,79.274756],[99.16709,79.306299],[99.104395,79.305371],[99.041797,79.293018],[99.317383,79.227197],[99.517285,79.130176],[99.750781,79.107666],[99.814648,79.09585],[99.899609,79.006396],[99.929297,78.961426],[99.54082,78.852734],[99.439551,78.834229],[98.819531,78.818262],[98.411133,78.787793],[98.28252,78.79502],[98.054199,78.820996],[97.905176,78.810205],[97.688574,78.827344],[97.555469,78.826562],[97.248145,78.868018],[96.93291,78.933936],[96.871191,78.963818],[96.807813,78.984961],[96.42998,79.003027],[96.347363,79.015869],[95.796484,79.001416],[95.702832,79.012012],[95.531055,79.098096],[95.436914,79.099316],[95.133203,79.049609],[95.02041,79.052686],[94.791016,79.086621],[94.652344,79.12749],[94.631641,79.140869],[94.619727,79.192383],[94.482129,79.218604],[94.31377,79.30752],[94.21875,79.402344],[93.758594,79.451416],[93.478711,79.462744],[93.272266,79.458398],[93.070801,79.495312],[93.404688,79.631592],[93.847266,79.70166],[94.038184,79.756006],[94.257129,79.829736],[94.347266,79.941943],[94.719434,80.01123],[94.815039,80.034814],[94.946777,80.089258],[94.987305,80.096826],[95.281348,80.030518],[95.337988,80.042139],[95.390723,80.072803],[95.497559,80.105615],[95.857813,80.11001],[96.1625,80.096826],[96.277344,80.110059],[96.416602,80.104346],[97.120508,80.153027],[97.586816,80.168262],[97.674512,80.158252]]],[[[102.884766,79.253955],[102.787305,79.176416],[102.745801,79.106055],[102.447852,78.87666],[102.412305,78.835449],[102.587305,78.871289],[102.747656,78.949561],[102.844824,79.014355],[102.950391,79.055762],[103.075684,79.056494],[103.199121,79.071289],[103.433398,79.126123],[103.672852,79.15],[103.800781,79.149268],[103.925684,79.123242],[104.004004,79.062549],[104.091113,79.013184],[104.404199,78.9771],[104.449219,78.963916],[104.476953,78.92334],[104.452051,78.880029],[104.633203,78.835156],[104.881055,78.854883],[105.014648,78.843311],[105.145996,78.818848],[105.20459,78.779932],[105.256055,78.733008],[105.310156,78.666162],[105.342676,78.593945],[105.312598,78.499902],[104.832617,78.352734],[104.741797,78.339746],[104.519434,78.349219],[104.297461,78.335059],[103.719336,78.258252],[103.003125,78.255859],[102.79668,78.187891],[102.734375,78.189893],[102.673145,78.201709],[102.617188,78.224609],[102.180469,78.205322],[101.692383,78.194336],[101.204102,78.191943],[101.039941,78.142969],[100.541211,78.04751],[100.082227,77.975],[99.84502,77.956836],[99.500293,77.976074],[99.391699,78.000684],[99.287109,78.038086],[99.438672,78.083936],[99.545605,78.178564],[99.67793,78.233496],[100.018945,78.338916],[100.05752,78.380371],[100.123535,78.470459],[100.162988,78.503955],[100.215039,78.535791],[100.257227,78.573828],[100.262695,78.631494],[100.283984,78.679199],[100.416406,78.753174],[100.515625,78.787793],[100.619629,78.797412],[100.875586,78.783594],[100.955762,78.788477],[100.897949,78.812451],[100.85625,78.897754],[100.864551,78.92583],[100.901367,78.980078],[100.96543,79.006543],[101.030859,79.023291],[101.068164,79.09624],[101.052246,79.123242],[101.148828,79.156885],[101.196094,79.204443],[101.310449,79.232617],[101.543066,79.254443],[101.555273,79.312646],[101.590625,79.350439],[101.643359,79.361377],[101.761328,79.371973],[101.824219,79.370215],[101.912109,79.311621],[102.005273,79.263672],[102.128516,79.25249],[102.25127,79.256055],[102.177246,79.312598],[102.180664,79.373389],[102.225098,79.412939],[102.282422,79.430078],[102.404883,79.433203],[102.789844,79.392139],[103.041602,79.331543],[103.097949,79.299121],[103.052441,79.28252],[102.939648,79.271191],[102.884766,79.253955]]],[[[140.04873,75.828955],[140.152148,75.809814],[140.274414,75.822412],[140.389063,75.79585],[140.496289,75.689795],[140.54668,75.663184],[140.602148,75.643945],[140.656738,75.634131],[140.815918,75.630713],[140.889258,75.652002],[140.944141,75.700488],[140.94043,75.749512],[140.926563,75.798926],[140.925781,75.866846],[140.950293,75.927344],[140.985352,75.964502],[141.032617,75.988965],[141.299316,76.06377],[141.485449,76.137158],[141.742285,76.108057],[142.001465,76.043555],[142.460352,75.903613],[142.669531,75.863428],[142.926758,75.826904],[143.185156,75.813623],[143.311133,75.822314],[143.559961,75.8604],[143.68584,75.863672],[145.255273,75.585596],[145.309766,75.564063],[145.359961,75.530469],[145.023438,75.489746],[144.803125,75.416064],[144.726758,75.365576],[144.814258,75.324512],[144.883496,75.268945],[144.407813,75.102295],[144.216016,75.05918],[144.019727,75.044678],[143.625879,75.083984],[143.396094,75.082861],[143.170313,75.116895],[142.92207,75.217432],[142.820117,75.267822],[142.729492,75.337646],[142.699609,75.448877],[142.734473,75.54458],[142.867578,75.571777],[142.986035,75.633252],[143.002441,75.659863],[142.941797,75.713281],[142.551563,75.720898],[142.30791,75.691699],[142.08623,75.660645],[142.151074,75.457568],[142.198828,75.392676],[142.264746,75.346143],[142.616797,75.133252],[142.696973,75.103076],[142.929688,75.062402],[143.12793,74.970313],[142.778223,74.867773],[142.626074,74.837402],[142.472754,74.82041],[142.378418,74.828564],[142.287402,74.849902],[142.18418,74.899609],[142.1,74.950977],[141.987305,74.99126],[141.748438,74.982568],[141.52998,74.947168],[141.310449,74.923193],[140.660742,74.881836],[140.463867,74.856055],[140.267871,74.846924],[140.011035,74.894775],[139.758203,74.96377],[139.68125,74.964062],[139.605859,74.945605],[139.548047,74.904053],[139.512305,74.837793],[139.430078,74.749219],[139.325586,74.686816],[139.215332,74.659668],[139.099121,74.656543],[138.981738,74.673682],[138.865625,74.700928],[138.092285,74.797461],[138.001367,74.827002],[137.915039,74.87085],[137.683008,75.008545],[137.568066,75.040576],[137.446973,75.054199],[137.217969,75.12373],[137.00625,75.23501],[136.962305,75.270361],[136.947656,75.325537],[136.982422,75.365332],[137.166016,75.346582],[137.289746,75.348633],[137.215234,75.554395],[137.268848,75.749414],[137.358496,75.781641],[137.706543,75.75957],[137.593555,75.823389],[137.501172,75.909668],[137.560547,75.955225],[137.625391,75.988184],[137.774414,76.015674],[137.977051,76.027783],[138.038672,76.047266],[138.095996,76.080518],[138.207617,76.114941],[138.430664,76.130078],[138.813965,76.199707],[138.919531,76.196729],[139.017578,76.160107],[139.10918,76.10835],[139.211328,76.080713],[139.528516,76.013428],[139.743359,75.953076],[140.04873,75.828955]]],[[[146.795215,75.370752],[147.060352,75.364307],[147.443555,75.437988],[147.496973,75.440527],[148.432422,75.413525],[148.508887,75.387451],[148.518848,75.336475],[148.48916,75.309375],[148.475,75.272412],[148.590137,75.236377],[148.892188,75.228125],[149.083203,75.262061],[149.645313,75.24458],[150.103906,75.219238],[150.280664,75.164014],[150.417188,75.134326],[150.530566,75.099854],[150.612891,75.120166],[150.690332,75.155322],[150.756934,75.162402],[150.822363,75.156543],[150.646289,74.94458],[150.580273,74.918945],[150.33125,74.866797],[149.838086,74.795312],[149.596875,74.772607],[149.050195,74.772461],[148.296875,74.800439],[148.092383,74.825684],[147.971875,74.857324],[147.740918,74.931982],[147.626855,74.958936],[147.257031,74.984277],[147.144043,74.998437],[146.924902,75.0625],[146.70332,75.114209],[146.148535,75.198291],[146.186133,75.295557],[146.257617,75.39375],[146.342969,75.480908],[146.438477,75.558203],[146.5375,75.581787],[146.750977,75.510449],[146.748242,75.428662],[146.795215,75.370752]]],[[[178.861523,70.826416],[178.792578,70.82207],[178.648242,71.000586],[178.62832,71.047363],[178.683887,71.105664],[178.829004,71.177881],[178.891113,71.231104],[179.235059,71.324512],[179.547656,71.447656],[179.715918,71.466211],[179.886426,71.52334],[180,71.537744],[180,70.993018],[179.881348,70.975684],[179.647656,70.898926],[179.152539,70.880273],[178.861523,70.826416]]],[[[142.761035,54.393945],[142.976172,54.140967],[142.985938,54.085693],[142.96709,54.028809],[142.926563,53.955615],[142.911426,53.878369],[142.936426,53.810938],[142.917969,53.794238],[143.095508,53.488672],[143.223633,53.296045],[143.259961,53.217285],[143.287891,53.134375],[143.324707,52.963086],[143.332617,52.700049],[143.323633,52.613574],[143.295117,52.52915],[143.264258,52.478662],[143.200977,52.44292],[143.172266,52.349365],[143.155566,52.08374],[143.190625,51.944482],[143.250586,51.8479],[143.294727,51.744336],[143.299512,51.632373],[143.320508,51.583252],[143.417773,51.520605],[143.455469,51.471484],[143.467383,51.401904],[143.472949,51.299219],[143.48877,51.277051],[143.53418,51.246289],[143.736035,50.506738],[143.816016,50.282617],[144.047949,49.895752],[144.141309,49.661475],[144.199609,49.549756],[144.239941,49.432031],[144.27207,49.311328],[144.341211,49.180518],[144.431738,49.051074],[144.606836,48.93584],[144.685547,48.87124],[144.706641,48.819531],[144.71377,48.640283],[144.672656,48.678564],[144.620996,48.814844],[144.536328,48.893555],[144.411816,48.986377],[144.283789,49.069775],[144.125488,49.208545],[144.04873,49.24917],[143.967773,49.276318],[143.819141,49.308594],[143.732324,49.312012],[143.382227,49.290674],[143.236328,49.262842],[143.10498,49.198828],[143.026855,49.10542],[142.97168,48.917773],[142.650977,48.246875],[142.574219,48.072168],[142.545898,47.884912],[142.556934,47.737891],[142.579004,47.683984],[142.670117,47.536914],[142.74541,47.452393],[142.800781,47.416162],[142.863965,47.391797],[142.905469,47.361865],[142.940332,47.322754],[143.005566,47.222705],[143.089258,47.000781],[143.17793,46.844043],[143.217676,46.794873],[143.318652,46.807373],[143.384375,46.805664],[143.447266,46.791992],[143.485645,46.752051],[143.540332,46.575098],[143.578711,46.406055],[143.580664,46.360693],[143.508594,46.230176],[143.490625,46.174609],[143.482324,46.11582],[143.463477,46.069482],[143.431641,46.028662],[143.418652,46.222021],[143.370313,46.358496],[143.352148,46.476221],[143.282324,46.558984],[143.047852,46.592627],[142.829297,46.605273],[142.795508,46.620215],[142.747363,46.670654],[142.691895,46.71084],[142.635742,46.716211],[142.578027,46.700781],[142.478809,46.644238],[142.406445,46.554688],[142.35,46.458691],[142.304004,46.357568],[142.208594,46.088867],[142.149707,45.999268],[142.077148,45.917041],[142.015625,45.961621],[141.961621,46.013477],[141.92998,46.088281],[141.916309,46.170752],[141.830371,46.451074],[141.866504,46.694189],[142.011035,47.030322],[142.038672,47.140283],[142.016895,47.244678],[141.98418,47.347705],[141.9625,47.543799],[141.964063,47.587451],[142.015625,47.700635],[142.075977,47.80835],[142.149219,47.902148],[142.181738,48.013379],[142.135352,48.290088],[142.028711,48.4771],[141.897266,48.654687],[141.873047,48.701953],[141.866309,48.750098],[141.97959,48.972168],[142.020117,49.078467],[142.066504,49.312061],[142.108691,49.439648],[142.142285,49.569141],[142.153125,50.216748],[142.143066,50.312109],[142.071094,50.51499],[142.066016,50.630469],[142.100488,50.776465],[142.147266,50.890186],[142.20791,50.998486],[142.206738,51.222559],[142.090723,51.429395],[142.005957,51.520508],[141.872949,51.630029],[141.771875,51.690186],[141.722363,51.736328],[141.771875,51.751807],[141.808105,51.789209],[141.720996,51.846777],[141.668457,51.93335],[141.66084,52.272949],[141.682422,52.359131],[141.747559,52.454834],[141.80332,52.555615],[141.855566,52.793506],[141.873633,53.038916],[141.838867,53.138477],[141.823535,53.339502],[141.852441,53.389453],[141.964453,53.456396],[142.141992,53.495605],[142.179883,53.484033],[142.318945,53.405469],[142.370508,53.402539],[142.424023,53.410742],[142.526172,53.447461],[142.583496,53.536768],[142.50918,53.587598],[142.552539,53.652637],[142.67959,53.674365],[142.688867,53.730176],[142.642871,53.736768],[142.683008,53.816016],[142.705957,53.895703],[142.670215,53.968408],[142.466602,54.148535],[142.334961,54.280713],[142.55166,54.278955],[142.615625,54.303613],[142.666211,54.358203],[142.692773,54.416113],[142.761035,54.393945]]],[[[168.039062,54.56499],[168.081348,54.512744],[167.677344,54.697656],[167.488086,54.794971],[167.441504,54.855859],[167.511719,54.856934],[167.59248,54.797754],[167.710645,54.770166],[167.882617,54.690479],[168.039062,54.56499]]],[[[160.718945,70.822705],[160.651367,70.805859],[160.504785,70.819727],[160.436914,70.851025],[160.44043,70.922656],[160.448535,70.934033],[160.56582,70.923779],[160.644922,70.883545],[160.718945,70.822705]]],[[[161.46709,68.900977],[161.422461,68.899658],[161.45625,68.966016],[161.461133,68.995605],[161.364063,69.044434],[161.18252,69.081592],[161.136523,69.110254],[161.125488,69.197021],[161.164551,69.333594],[161.082813,69.405664],[161.110742,69.469824],[161.32334,69.540918],[161.409766,69.595703],[161.505176,69.639453],[161.520703,69.634033],[161.617773,69.592432],[161.609277,69.500928],[161.540332,69.436523],[161.374414,69.413672],[161.350879,69.369336],[161.372656,69.292822],[161.377539,69.194434],[161.394238,69.106445],[161.494727,69.016016],[161.516992,68.96958],[161.506738,68.927588],[161.46709,68.900977]]],[[[152.885938,76.121729],[152.786328,76.085791],[152.558594,76.143604],[152.642773,76.174805],[152.799414,76.194824],[152.835059,76.185156],[152.86377,76.163428],[152.885938,76.121729]]],[[[149.150195,76.659912],[148.398633,76.648242],[148.448145,76.676953],[148.719629,76.746582],[149.406445,76.78208],[149.268359,76.747217],[149.204785,76.677002],[149.150195,76.659912]]],[[[137.959863,71.507666],[137.711816,71.423242],[137.612891,71.433936],[137.511816,71.474609],[137.457813,71.483496],[137.403223,71.477295],[137.344238,71.460547],[137.265527,71.455908],[137.078711,71.502197],[137.064063,71.529883],[137.081836,71.542725],[137.129492,71.556152],[137.168164,71.557129],[137.281836,71.579932],[137.816797,71.587891],[137.857617,71.583057],[137.933789,71.542773],[137.959863,71.507666]]],[[[107.695508,78.130908],[107.60625,78.082568],[107.481641,78.057764],[107.343848,78.098584],[107.00166,78.095654],[106.415527,78.139844],[106.583301,78.167578],[107.508301,78.189404],[107.573242,78.185547],[107.695508,78.130908]]],[[[112.478027,76.620898],[112.63252,76.552979],[112.66084,76.50957],[112.61416,76.499268],[112.586523,76.482959],[112.574805,76.452393],[112.531641,76.450049],[112.394824,76.483789],[112.296875,76.537988],[112.153809,76.549316],[112.002734,76.602979],[111.968945,76.626172],[112.011133,76.632861],[112.281445,76.618359],[112.394141,76.643799],[112.478027,76.620898]]],[[[96.532422,76.278125],[96.613965,76.263818],[96.589648,76.22124],[96.486719,76.23374],[96.350781,76.212158],[96.353418,76.17749],[96.300586,76.121729],[96.108789,76.155469],[95.844531,76.160254],[95.678613,76.193652],[95.311133,76.214746],[95.32207,76.261621],[95.379883,76.289062],[95.594434,76.249609],[95.78623,76.293896],[96.150977,76.271875],[96.270703,76.305371],[96.532422,76.278125]]],[[[96.285449,77.02666],[96.253516,77.007275],[96.209863,76.992139],[96.091406,77.002539],[95.854688,76.974951],[95.76582,76.990625],[95.680859,77.021338],[95.364062,77.011523],[95.270312,77.018848],[95.420703,77.056494],[95.854102,77.097559],[96.528418,77.205518],[96.561914,77.154053],[96.561328,77.12959],[96.424316,77.071191],[96.285449,77.02666]]],[[[92.683496,79.685205],[92.440625,79.675488],[92.153711,79.684668],[91.683594,79.790576],[91.37627,79.835498],[91.126074,79.904932],[91.070312,79.981494],[91.229297,80.030713],[91.425977,80.049219],[91.751953,80.052295],[92.173438,80.045459],[92.592773,79.996533],[93.481543,79.941113],[93.803125,79.904541],[93.603516,79.816748],[93.382031,79.783887],[93.155078,79.737598],[92.92627,79.704492],[92.683496,79.685205]]],[[[91.567187,81.141211],[91.222852,81.063818],[89.975781,81.113135],[89.919434,81.14873],[89.901172,81.170703],[90.069922,81.213721],[91.108984,81.199121],[91.477832,81.183936],[91.567187,81.141211]]],[[[141.010254,73.999463],[140.507227,73.918652],[140.409473,73.92168],[140.183203,74.00459],[140.101562,74.184277],[140.193555,74.236719],[140.300293,74.257227],[140.407422,74.266455],[140.849219,74.273779],[140.944336,74.264648],[141.038574,74.242725],[141.079492,74.209326],[141.097461,74.167822],[141.046875,74.050391],[141.010254,73.999463]]],[[[142.184863,73.895898],[142.435059,73.851562],[142.63916,73.803076],[143.34375,73.56875],[143.410742,73.52085],[143.463965,73.458887],[143.491309,73.246436],[143.451465,73.231299],[143.193262,73.220752],[142.841602,73.244824],[142.586914,73.25332],[142.342188,73.252881],[142.126367,73.281689],[141.59668,73.31084],[141.182715,73.389209],[140.754004,73.446045],[140.662793,73.452002],[140.39248,73.435352],[140.026953,73.361426],[139.925098,73.355225],[139.785547,73.355225],[139.685547,73.425732],[139.920117,73.448584],[140.155176,73.45752],[140.380664,73.483008],[140.593555,73.564551],[140.697461,73.62915],[140.883789,73.777539],[140.983594,73.831543],[141.084766,73.865869],[141.189941,73.876465],[141.311914,73.871875],[141.681934,73.904199],[141.931836,73.914941],[142.184863,73.895898]]],[[[135.948633,75.40957],[135.745898,75.381982],[135.451953,75.389551],[135.473047,75.463232],[135.523438,75.49585],[135.592676,75.576465],[135.56123,75.636475],[135.578418,75.709961],[135.613867,75.766309],[135.698633,75.845264],[135.788281,75.798486],[135.849219,75.729248],[135.904785,75.694385],[136.127344,75.625586],[136.168945,75.605566],[135.983398,75.521924],[135.965137,75.486133],[136.020508,75.438379],[135.948633,75.40957]]],[[[136.197461,73.913623],[136.12168,73.88501],[136.051465,73.929102],[135.714551,74.059521],[135.633398,74.121436],[135.448633,74.179688],[135.402441,74.201709],[135.387012,74.253369],[135.62832,74.219922],[136.036816,74.090332],[136.25918,73.984961],[136.197461,73.913623]]],[[[137.940527,55.092627],[138.03125,55.05332],[138.17207,55.060059],[138.206152,55.033545],[138.096484,54.990918],[138.016602,54.900879],[137.991211,54.820703],[137.959473,54.789014],[137.870117,54.749561],[137.790234,54.696924],[137.721484,54.663232],[137.661133,54.653271],[137.525586,54.82583],[137.462695,54.873389],[137.276074,54.792383],[137.23291,54.790576],[137.275195,54.891016],[137.384375,55.000684],[137.435547,55.016016],[137.543652,55.163086],[137.577344,55.197021],[137.910449,55.110059],[137.940527,55.092627]]],[[[169.200781,69.580469],[168.915723,69.571436],[168.348047,69.664355],[168.144336,69.71333],[167.992676,69.77583],[167.821289,69.819629],[167.788867,69.836865],[167.813965,69.873047],[167.864746,69.901074],[168.05957,69.974902],[168.196289,70.008398],[168.35791,70.015674],[169.374805,69.882617],[169.420703,69.856055],[169.433594,69.832178],[169.418164,69.779199],[169.332422,69.76958],[169.299121,69.734766],[169.263379,69.628711],[169.245801,69.601123],[169.200781,69.580469]]],[[[163.635156,58.603369],[163.471387,58.509375],[163.447266,58.524658],[163.431836,58.546143],[163.427246,58.578955],[163.576758,58.640869],[163.726562,58.798535],[163.784473,58.929736],[163.766602,58.972363],[163.760938,59.015039],[164.202148,59.096191],[164.517383,59.226758],[164.572656,59.221143],[164.629297,59.112207],[164.661621,58.970752],[164.615723,58.885596],[164.278809,58.838086],[163.960059,58.74375],[163.635156,58.603369]]],[[[166.650293,54.839062],[166.645117,54.694092],[166.521289,54.767627],[166.463672,54.826855],[166.381738,54.838086],[166.324805,54.864551],[166.229883,54.936523],[166.119727,55.030371],[166.082324,55.076563],[166.066309,55.135693],[165.991895,55.190479],[165.751074,55.294531],[165.830469,55.306934],[165.93125,55.351465],[166.211914,55.323975],[166.275781,55.311963],[166.22998,55.242334],[166.248047,55.16543],[166.404297,55.005615],[166.479492,54.949902],[166.577344,54.907715],[166.650293,54.839062]]],[[[154.810449,49.312012],[154.714844,49.267676],[154.610938,49.294043],[154.612988,49.380615],[154.824902,49.646924],[154.899609,49.630371],[154.883301,49.566406],[154.802344,49.468262],[154.829883,49.3479],[154.810449,49.312012]]],[[[156.405078,50.657617],[156.36543,50.633789],[156.325781,50.639062],[156.196289,50.702148],[156.167969,50.731885],[156.213086,50.784717],[156.376465,50.862109],[156.455859,50.85957],[156.4875,50.842969],[156.483105,50.751221],[156.405078,50.657617]]],[[[155.921094,50.302197],[155.792383,50.202051],[155.60752,50.177246],[155.516406,50.145605],[155.448926,50.077783],[155.397168,50.04126],[155.288672,50.061182],[155.243066,50.094629],[155.243066,50.212793],[155.195117,50.264551],[155.218359,50.297852],[155.326758,50.293262],[155.433887,50.368945],[155.680176,50.400732],[155.772754,50.482422],[155.884766,50.684131],[156.00166,50.756934],[156.096875,50.771875],[156.122852,50.671289],[156.100586,50.559277],[156.044434,50.451758],[155.921094,50.302197]]],[[[154.08125,48.790283],[154.042969,48.73877],[154.000684,48.755713],[153.992285,48.77251],[154.091699,48.832129],[154.126367,48.904443],[154.199023,48.904932],[154.228418,48.89209],[154.204688,48.857178],[154.08125,48.790283]]],[[[155.644824,50.821924],[155.553516,50.810596],[155.512793,50.837305],[155.483496,50.869629],[155.467383,50.913574],[155.568555,50.934473],[155.639648,50.910498],[155.653613,50.845361],[155.644824,50.821924]]],[[[153.101074,47.762939],[153.053809,47.706104],[153.004102,47.713477],[152.984277,47.72793],[153.049121,47.797021],[153.079199,47.80874],[153.101074,47.762939]]],[[[152.002051,46.897168],[151.815625,46.787109],[151.754102,46.78833],[151.723438,46.828809],[151.715332,46.852686],[151.864355,46.868994],[152.039844,47.01499],[152.16582,47.110449],[152.234668,47.143408],[152.288867,47.142187],[152.002051,46.897168]]],[[[149.687695,45.642041],[149.538867,45.591357],[149.44707,45.593359],[149.665918,45.839795],[149.796289,45.876074],[149.962305,46.021924],[150.308789,46.200342],[150.348633,46.213428],[150.553125,46.208545],[150.23457,46.012305],[150.19502,45.933203],[150.056641,45.849365],[149.954102,45.822461],[149.883398,45.783154],[149.687695,45.642041]]],[[[148.599512,45.317627],[148.414648,45.247168],[148.262305,45.216846],[148.005273,45.070166],[147.91377,44.990381],[147.784082,44.958594],[147.657813,44.977148],[147.621875,44.944727],[147.60957,44.886572],[147.563086,44.835547],[147.310156,44.677637],[147.207422,44.553564],[147.098438,44.53125],[146.897461,44.404297],[146.933496,44.513086],[146.974219,44.565723],[147.140918,44.66333],[147.154785,44.766211],[147.246582,44.856055],[147.430469,44.945215],[147.557813,45.062451],[147.65791,45.093018],[147.769434,45.190723],[147.885547,45.225635],[147.872656,45.300293],[147.924023,45.383301],[147.964551,45.377734],[148.056055,45.262109],[148.130078,45.258203],[148.324219,45.282422],[148.612305,45.484668],[148.706641,45.520654],[148.772656,45.526465],[148.812207,45.51001],[148.826172,45.486084],[148.825391,45.455908],[148.803027,45.413525],[148.837109,45.362695],[148.790723,45.323975],[148.599512,45.317627]]],[[[146.713965,43.743799],[146.683008,43.716357],[146.608594,43.740479],[146.613477,43.797021],[146.621973,43.812988],[146.824609,43.860498],[146.884082,43.82915],[146.899023,43.80415],[146.713965,43.743799]]],[[[146.207617,44.497656],[146.355957,44.424609],[146.567773,44.44043],[146.516211,44.374658],[146.436523,44.375684],[146.296191,44.280957],[146.172949,44.268652],[146.112305,44.245947],[145.914062,44.103711],[145.887305,44.047754],[145.766992,43.940723],[145.586816,43.845117],[145.555859,43.6646],[145.439258,43.737061],[145.426172,43.810352],[145.461719,43.870898],[145.666309,43.999072],[145.74834,44.071533],[145.77334,44.129004],[145.851953,44.193018],[145.890234,44.248584],[145.94043,44.272656],[146.112109,44.500146],[146.207617,44.497656]]],[[[113.387207,74.400439],[113.353125,74.352979],[113.299219,74.317139],[113.258887,74.272705],[113.190234,74.239307],[112.977637,74.196826],[112.811328,74.10293],[112.782422,74.095068],[112.195801,74.14624],[112.105078,74.163232],[111.912109,74.219238],[111.642969,74.272949],[111.503418,74.353076],[111.570117,74.368311],[111.6375,74.374316],[111.879785,74.363818],[111.949219,74.38877],[111.982813,74.456299],[111.989355,74.49624],[112.007617,74.526758],[112.084473,74.548975],[112.951758,74.47959],[113.28623,74.441016],[113.387207,74.400439]]]]}},{"type":"Feature","properties":{"name":"Philippines"},"geometry":{"type":"MultiPolygon","coordinates":[[[[121.101562,18.615283],[121.254492,18.563428],[121.592969,18.376465],[121.716797,18.330078],[121.845605,18.29541],[121.947559,18.285156],[122.038477,18.32793],[122.076953,18.37168],[122.14668,18.486572],[122.221191,18.500635],[122.265527,18.458838],[122.299805,18.402783],[122.315039,18.320312],[122.293848,18.234277],[122.222852,18.157129],[122.179492,18.064258],[122.150977,17.756494],[122.152344,17.664404],[122.175195,17.575684],[122.236816,17.434863],[122.269043,17.395264],[122.362305,17.344873],[122.3875,17.306787],[122.392871,17.238379],[122.40752,17.178125],[122.467871,17.155127],[122.519141,17.124854],[122.5,17.058008],[122.467969,16.990039],[122.425781,16.822656],[122.225879,16.435205],[122.21416,16.351514],[122.135156,16.184814],[121.974707,16.15791],[121.788672,16.077441],[121.685156,16.014746],[121.595313,15.933252],[121.560938,15.826758],[121.59043,15.778027],[121.60918,15.726025],[121.607031,15.669824],[121.579199,15.623193],[121.489844,15.509521],[121.452051,15.41665],[121.411914,15.375049],[121.392285,15.324414],[121.398926,15.266602],[121.434961,15.216309],[121.543945,14.99917],[121.660547,14.789502],[121.685645,14.76543],[121.69541,14.737305],[121.626563,14.681738],[121.62793,14.581152],[121.648535,14.481494],[121.751855,14.23418],[121.766602,14.168066],[121.800488,14.113867],[121.85332,14.063086],[121.911719,14.02041],[122.07959,13.947119],[122.144336,13.932715],[122.211719,13.930176],[122.228418,13.979492],[122.2875,13.996191],[122.274414,14.044727],[122.202539,14.11167],[122.199707,14.148047],[122.2375,14.175049],[122.282617,14.19082],[122.383691,14.263867],[122.49082,14.322363],[122.627148,14.317529],[122.761035,14.284863],[122.856055,14.250781],[122.93418,14.188086],[123.014551,14.079834],[123.070996,13.959961],[123.070703,13.902734],[123.056934,13.845459],[123.059961,13.78877],[123.101953,13.750244],[123.231445,13.747363],[123.296973,13.836426],[123.305371,13.936572],[123.259277,13.975439],[123.280469,14.024805],[123.320312,14.06167],[123.377441,14.028662],[123.432324,13.96626],[123.632812,13.898486],[123.684082,13.897021],[123.725977,13.884326],[123.815723,13.837109],[123.857617,13.799609],[123.80625,13.721729],[123.607129,13.704443],[123.549609,13.645752],[123.608105,13.528076],[123.703613,13.431592],[123.764844,13.353516],[123.819238,13.269482],[123.816602,13.191602],[123.785156,13.110547],[123.872754,13.116992],[123.955176,13.099707],[124.069141,13.031934],[124.10459,13.025],[124.142773,13.035791],[124.137305,12.791162],[124.059766,12.56709],[123.961719,12.594971],[123.877832,12.689697],[123.894922,12.80498],[123.948535,12.916406],[123.917969,12.939941],[123.863867,12.930664],[123.802344,12.905566],[123.736035,12.896924],[123.626758,12.911768],[123.402344,13.033105],[123.310938,13.044092],[123.29043,13.099023],[123.295508,13.215576],[123.205957,13.353516],[123.191602,13.402881],[123.163281,13.441748],[122.896191,13.591943],[122.863477,13.617236],[122.781348,13.737061],[122.595215,13.907617],[122.543066,13.925049],[122.486328,13.92998],[122.467969,13.886719],[122.49375,13.820215],[122.504199,13.763086],[122.500195,13.703174],[122.508008,13.656836],[122.596191,13.562012],[122.609375,13.517139],[122.667871,13.395361],[122.675098,13.253174],[122.599902,13.194141],[122.515234,13.26001],[122.5125,13.313623],[122.497949,13.363525],[122.406934,13.492773],[122.376563,13.520605],[122.205273,13.648242],[122.072754,13.788379],[121.77793,13.937646],[121.742871,13.94585],[121.691699,13.93457],[121.643457,13.915967],[121.501074,13.842187],[121.450781,13.790771],[121.446289,13.711865],[121.344141,13.649121],[121.203516,13.640283],[121.095508,13.679492],[121.006152,13.758105],[120.932324,13.761865],[120.840723,13.884717],[120.729102,13.900537],[120.637109,13.804492],[120.617383,13.995312],[120.616797,14.188037],[120.642676,14.244336],[120.688281,14.291211],[120.92207,14.493115],[120.951563,14.557959],[120.941309,14.645068],[120.888086,14.715771],[120.804492,14.758789],[120.70791,14.776611],[120.638281,14.816162],[120.583691,14.88125],[120.546777,14.766113],[120.582715,14.594629],[120.588672,14.483105],[120.555664,14.441357],[120.495703,14.440186],[120.43877,14.453369],[120.396094,14.493311],[120.365234,14.608301],[120.283887,14.684375],[120.250781,14.793311],[120.213867,14.808789],[120.137988,14.800391],[120.082129,14.851074],[120.044531,14.978125],[120.036621,15.114551],[120.00498,15.229248],[119.959375,15.340234],[119.932813,15.430908],[119.891602,15.837695],[119.881445,15.875],[119.859668,15.905762],[119.808203,15.951953],[119.768945,16.008447],[119.761816,16.05498],[119.772559,16.255127],[119.790234,16.30332],[119.830762,16.326562],[119.886133,16.287402],[119.930371,16.23877],[119.985156,16.21543],[120.033398,16.18457],[120.124023,16.066211],[120.159766,16.047656],[120.271289,16.051416],[120.337012,16.066455],[120.36875,16.10957],[120.38877,16.160938],[120.389258,16.221631],[120.325,16.400342],[120.305273,16.529248],[120.304395,16.645459],[120.321191,16.761865],[120.408887,16.955615],[120.420117,17.090088],[120.411719,17.269922],[120.427148,17.376904],[120.424512,17.43833],[120.37207,17.535107],[120.358398,17.638184],[120.505078,18.162646],[120.550977,18.264062],[120.584473,18.36875],[120.599707,18.507861],[120.709375,18.545947],[120.81377,18.603418],[120.867773,18.598926],[120.925,18.585107],[121.051367,18.613672],[121.101562,18.615283]]],[[[117.311133,8.4396],[117.218555,8.367285],[117.228516,8.456689],[117.255859,8.540967],[117.349902,8.713574],[117.417773,8.76665],[117.52998,8.902588],[117.593262,8.968311],[117.744922,9.098242],[117.884766,9.240674],[117.931543,9.25127],[117.983008,9.253418],[118.023828,9.269775],[118.114844,9.34668],[118.343945,9.602783],[118.533398,9.793652],[118.727539,10.03501],[118.820117,10.105322],[118.845117,10.131299],[119.023828,10.353564],[119.079883,10.38584],[119.143066,10.409277],[119.186035,10.439453],[119.223828,10.477295],[119.287012,10.574023],[119.312695,10.687109],[119.29668,10.750977],[119.261133,10.845166],[119.305664,10.973633],[119.340723,11.03291],[119.465332,11.293799],[119.50127,11.346436],[119.55332,11.313525],[119.560254,11.266797],[119.53457,11.156836],[119.532617,11.101611],[119.561914,11.045508],[119.52666,10.953174],[119.616113,10.707373],[119.684375,10.551709],[119.686914,10.500342],[119.595215,10.407422],[119.540527,10.379346],[119.422461,10.354395],[119.369336,10.327295],[119.284766,10.251709],[119.231934,10.152148],[119.218555,10.100684],[119.191504,10.061084],[118.948633,9.993457],[118.834668,9.949316],[118.782129,9.916113],[118.75498,9.862109],[118.773828,9.766797],[118.569629,9.422754],[118.504492,9.332666],[118.434961,9.256006],[118.349609,9.201465],[118.229297,9.167969],[118.134082,9.101367],[118.069434,8.983545],[117.989551,8.8771],[117.888574,8.798242],[117.779785,8.728613],[117.679883,8.677832],[117.572168,8.641992],[117.539648,8.595605],[117.516602,8.53833],[117.469141,8.511377],[117.4125,8.49585],[117.311133,8.4396]]],[[[122.496191,11.615088],[122.612695,11.56416],[122.72627,11.60791],[122.838086,11.595654],[122.93125,11.529297],[122.900781,11.487354],[122.894531,11.441309],[123.102734,11.541455],[123.158301,11.535547],[123.156445,11.442529],[123.144141,11.363574],[123.119531,11.286816],[123.075488,11.196875],[123.016504,11.116504],[122.93877,11.058154],[122.84668,11.022461],[122.80293,10.990039],[122.789453,10.941211],[122.791113,10.879736],[122.769922,10.823828],[122.673145,10.800928],[122.52207,10.691895],[122.197656,10.6229],[122.108594,10.575537],[122.051758,10.514062],[121.988379,10.458301],[121.954004,10.444385],[121.938281,10.470898],[121.933789,10.493652],[121.980078,10.638574],[121.972363,10.698877],[121.950293,10.757373],[121.964355,10.87168],[122.020703,10.979102],[122.050879,11.097363],[122.059668,11.325684],[122.103516,11.64292],[122.101367,11.680859],[122.066992,11.72373],[121.94082,11.758301],[121.891211,11.790869],[121.916016,11.854346],[121.963672,11.897363],[122.029199,11.89541],[122.086816,11.855078],[122.290723,11.772021],[122.399219,11.702197],[122.496191,11.615088]]],[[[123.130859,9.064111],[123.064648,9.053369],[122.994727,9.058838],[122.947852,9.107959],[122.866602,9.319824],[122.772461,9.371338],[122.664551,9.410352],[122.610352,9.443213],[122.5625,9.482812],[122.410937,9.693896],[122.399512,9.823047],[122.425586,9.896094],[122.471484,9.961523],[122.523242,9.979199],[122.648242,9.981543],[122.712988,9.990137],[122.855566,10.086914],[122.86582,10.125],[122.866504,10.284033],[122.852344,10.395264],[122.816992,10.503809],[122.855566,10.553418],[122.905859,10.602539],[122.958398,10.69834],[122.96875,10.765723],[122.969727,10.836182],[122.983301,10.886621],[123.024414,10.911816],[123.221777,10.988672],[123.256641,10.993945],[123.510645,10.923047],[123.5625,10.816064],[123.567578,10.780762],[123.527734,10.662012],[123.492871,10.582324],[123.406934,10.458984],[123.343555,10.325391],[123.296094,10.124512],[123.266211,10.059033],[123.186621,9.933301],[123.162012,9.864258],[123.162695,9.714648],[123.149414,9.659326],[123.149805,9.606152],[123.308398,9.356982],[123.321875,9.31748],[123.320508,9.272949],[123.293359,9.217285],[123.228711,9.121387],[123.19248,9.087891],[123.130859,9.064111]]],[[[124.574609,11.343066],[124.644336,11.308105],[124.724316,11.32207],[124.821094,11.401416],[124.92998,11.372852],[124.993945,11.255908],[125.026563,11.211719],[125.044336,11.135254],[125.039746,10.951904],[125.013184,10.785693],[125.033789,10.751465],[125.083887,10.721582],[125.127539,10.684717],[125.16416,10.637451],[125.187695,10.584863],[125.197168,10.457227],[125.260059,10.349609],[125.268457,10.307715],[125.25332,10.263818],[125.148438,10.272412],[125.140039,10.235352],[125.142578,10.189453],[125.105371,10.218311],[125.043945,10.323437],[124.9875,10.367578],[125.004883,10.19707],[125.023535,10.115283],[125.026563,10.033105],[124.929102,10.095898],[124.812793,10.134619],[124.780762,10.168066],[124.791699,10.274561],[124.789551,10.327539],[124.737695,10.439746],[124.798633,10.682227],[124.797168,10.731787],[124.786719,10.781396],[124.738672,10.879736],[124.662695,10.961963],[124.616113,10.962207],[124.502832,10.904443],[124.445508,10.923584],[124.411719,11.150342],[124.366016,11.370703],[124.330957,11.4271],[124.308203,11.486182],[124.330664,11.535205],[124.374121,11.51499],[124.435938,11.457227],[124.510938,11.423877],[124.548242,11.39502],[124.574609,11.343066]]],[[[125.239551,12.527881],[125.310352,12.446289],[125.327539,12.387207],[125.320215,12.321826],[125.352246,12.292773],[125.408789,12.284863],[125.48125,12.251953],[125.535645,12.191406],[125.50332,12.135791],[125.513379,12.05459],[125.456543,11.952539],[125.464258,11.771582],[125.496875,11.71377],[125.5,11.65542],[125.491797,11.594336],[125.505762,11.544238],[125.592969,11.378223],[125.608984,11.323047],[125.582324,11.279492],[125.573535,11.238232],[125.627344,11.233887],[125.704004,11.164795],[125.749121,11.073584],[125.735645,11.049609],[125.674414,11.120801],[125.628125,11.132031],[125.431836,11.112598],[125.311523,11.142285],[125.233398,11.145068],[125.155859,11.267041],[125.087891,11.287354],[125.034277,11.34126],[124.945312,11.47915],[124.916992,11.558398],[124.978906,11.638477],[124.998242,11.702344],[124.99502,11.764941],[124.935645,11.754639],[124.884277,11.775488],[124.821094,11.8521],[124.795801,11.896338],[124.749805,11.93335],[124.676758,12.020898],[124.571875,12.055127],[124.529102,12.079199],[124.445703,12.152783],[124.384863,12.243994],[124.325781,12.403809],[124.294727,12.569336],[124.56582,12.526221],[124.840137,12.53457],[125.150195,12.572559],[125.239551,12.527881]]],[[[120.704395,13.479492],[120.755371,13.470996],[120.915332,13.501074],[120.980762,13.485986],[121.024707,13.428711],[121.079297,13.410742],[121.122461,13.38125],[121.202734,13.432324],[121.284375,13.374121],[121.356836,13.265479],[121.442187,13.188428],[121.522754,13.131201],[121.538672,13.088867],[121.489746,13.01958],[121.474805,12.931592],[121.479688,12.837109],[121.540625,12.638184],[121.519238,12.584229],[121.458008,12.507959],[121.412305,12.423047],[121.418164,12.38877],[121.400098,12.360742],[121.394336,12.300586],[121.356836,12.313086],[121.322363,12.303613],[121.288867,12.276709],[121.236719,12.218799],[121.155469,12.236328],[121.116992,12.253418],[121.107617,12.303613],[121.083398,12.338965],[121.048535,12.359961],[120.9625,12.446533],[120.922168,12.511621],[120.921484,12.581104],[120.899414,12.64585],[120.854785,12.703662],[120.795996,12.747998],[120.776367,12.790576],[120.76875,12.840918],[120.763672,12.969824],[120.680273,13.130615],[120.651367,13.169141],[120.573145,13.208887],[120.508301,13.260059],[120.480664,13.311035],[120.455469,13.393506],[120.438086,13.40542],[120.3875,13.40166],[120.338477,13.412354],[120.352734,13.472949],[120.40127,13.517041],[120.468359,13.522412],[120.65332,13.497607],[120.704395,13.479492]]],[[[126.005957,9.320947],[126.087598,9.260742],[126.193359,9.276709],[126.191992,9.124902],[126.209082,9.080566],[126.30459,8.952051],[126.319531,8.844727],[126.262988,8.743945],[126.220215,8.696289],[126.141602,8.627295],[126.139551,8.595654],[126.173047,8.560059],[126.282324,8.539307],[126.365332,8.483887],[126.379785,8.326758],[126.458691,8.202832],[126.456641,8.148779],[126.425293,7.927441],[126.435352,7.832812],[126.494434,7.756982],[126.544434,7.724805],[126.570117,7.677246],[126.593359,7.546777],[126.589258,7.325146],[126.581543,7.247754],[126.54668,7.17583],[126.439063,7.012354],[126.294043,6.882324],[126.216895,6.891016],[126.19209,6.852539],[126.240234,6.733887],[126.221191,6.483398],[126.189355,6.309668],[126.14248,6.397559],[126.109766,6.489648],[126.080078,6.73335],[126.043066,6.843164],[125.984961,6.943555],[125.961621,7.033203],[125.901172,7.116992],[125.824414,7.333301],[125.773633,7.322168],[125.689258,7.263037],[125.670215,7.222314],[125.660254,7.160596],[125.640723,7.105078],[125.542188,7.016602],[125.464746,6.911133],[125.400977,6.795752],[125.380664,6.689941],[125.43291,6.607129],[125.486621,6.57373],[125.564551,6.499609],[125.588477,6.465771],[125.670703,6.225],[125.667969,5.978662],[125.607813,5.870166],[125.455859,5.664258],[125.346484,5.598975],[125.287891,5.632275],[125.241016,5.756934],[125.233203,5.808301],[125.264941,5.925586],[125.268457,6.033154],[125.231543,6.069531],[125.191016,6.0625],[125.174023,6.046973],[125.076172,5.90625],[125.035352,5.870654],[124.975195,5.865723],[124.927344,5.875342],[124.636328,5.998193],[124.398828,6.119727],[124.212793,6.233252],[124.078125,6.404443],[124.049707,6.532568],[124.048145,6.666553],[123.987891,6.862988],[123.980859,6.929688],[123.985254,6.993701],[124.045117,7.114111],[124.117578,7.175098],[124.158203,7.218799],[124.190723,7.267334],[124.212891,7.332129],[124.206641,7.396436],[124.182422,7.436719],[124.067969,7.577881],[123.968457,7.664648],[123.764746,7.742627],[123.717383,7.7854],[123.66582,7.817773],[123.608887,7.831641],[123.553223,7.832129],[123.493066,7.80791],[123.477441,7.756348],[123.481641,7.710254],[123.476367,7.665381],[123.390918,7.40752],[123.282031,7.464111],[123.178223,7.529443],[123.150684,7.575195],[123.13877,7.629932],[123.121191,7.666895],[123.09668,7.700439],[123.048926,7.614355],[122.989551,7.546289],[122.916895,7.530518],[122.842969,7.529297],[122.81875,7.558496],[122.791797,7.722461],[122.713965,7.774121],[122.616211,7.763135],[122.497949,7.672754],[122.474414,7.638965],[122.448633,7.561133],[122.319727,7.340234],[122.251465,7.17002],[122.176172,7.004199],[122.14248,6.949658],[122.098145,6.913721],[122.027637,6.928613],[121.964258,6.968213],[121.904199,7.075195],[121.924609,7.199512],[121.991113,7.27876],[122.047168,7.363574],[122.114844,7.659912],[122.119922,7.765381],[122.131836,7.810498],[122.243359,7.945117],[122.337109,8.028418],[122.386719,8.045898],[122.589453,8.093311],[122.672949,8.133105],[122.804395,8.133691],[122.911133,8.156445],[122.996289,8.220508],[123.002734,8.286914],[122.998828,8.356055],[123.017578,8.39834],[123.050586,8.433936],[123.095898,8.480811],[123.147168,8.516016],[123.292871,8.541455],[123.341211,8.57041],[123.380176,8.615625],[123.43457,8.70332],[123.498926,8.681543],[123.563672,8.647461],[123.680078,8.620605],[123.783398,8.547705],[123.849219,8.432715],[123.860547,8.376074],[123.877441,8.188818],[123.853418,8.145117],[123.753125,8.058252],[123.799414,8.049121],[123.931152,8.128418],[123.996875,8.158984],[124.159375,8.201465],[124.197656,8.229541],[124.225781,8.271387],[124.283203,8.385986],[124.325195,8.508447],[124.35791,8.559424],[124.404883,8.599854],[124.45127,8.606348],[124.621777,8.522656],[124.731152,8.562988],[124.761719,8.689795],[124.786816,8.874121],[124.806152,8.924023],[124.868945,8.972266],[124.943848,8.956689],[125.046387,8.890527],[125.141016,8.86875],[125.176172,8.92207],[125.209668,9.027148],[125.247852,9.026562],[125.375586,8.991797],[125.49873,9.014746],[125.533398,9.140918],[125.510156,9.275879],[125.413965,9.669189],[125.471289,9.756787],[125.520898,9.759131],[125.64248,9.654492],[125.87666,9.513135],[125.954688,9.42666],[126.005957,9.320947]]],[[[123.370313,9.449609],[123.331738,9.422949],[123.316016,9.488965],[123.327051,9.578076],[123.403711,9.889258],[123.38623,9.96709],[123.514355,10.140332],[123.592871,10.30293],[123.711426,10.473682],[123.726465,10.562207],[123.831543,10.731006],[123.929883,10.963818],[123.924609,11.040918],[123.950098,11.07915],[123.964063,11.137451],[123.967188,11.186914],[124.038867,11.273535],[124.05791,11.217236],[124.036523,11.106689],[124.039844,11.053613],[124.052539,11.02876],[124.05332,10.925781],[124.027539,10.767871],[124.05127,10.585596],[124.00498,10.400098],[123.952148,10.316602],[123.873926,10.257715],[123.788672,10.220801],[123.700488,10.12832],[123.643359,10.020215],[123.633984,9.921729],[123.493555,9.589307],[123.370313,9.449609]]],[[[121.92168,18.894727],[121.858203,18.8229],[121.825195,18.842725],[121.860742,18.912549],[121.859766,18.936768],[121.888867,18.991553],[121.943359,19.010449],[121.987891,18.956641],[121.92168,18.894727]]],[[[121.520898,19.361963],[121.53125,19.271338],[121.47207,19.27334],[121.38291,19.328467],[121.374609,19.356299],[121.375977,19.379688],[121.391602,19.399365],[121.520898,19.361963]]],[[[121.960059,20.365869],[121.941309,20.353711],[121.914062,20.359424],[121.941211,20.453711],[121.991211,20.47959],[122.031152,20.469385],[121.960059,20.365869]]],[[[121.878125,20.781885],[121.82959,20.700293],[121.790625,20.701172],[121.796484,20.746631],[121.847852,20.84126],[121.866992,20.839209],[121.878125,20.781885]]],[[[121.159375,6.075635],[121.213867,6.003516],[121.28252,6.022266],[121.391504,6.0021],[121.414648,5.964502],[121.411035,5.939844],[121.294434,5.869971],[121.218164,5.942725],[121.083008,5.893018],[121.018555,5.922949],[120.930664,5.896191],[120.876367,5.952637],[120.898242,6.006934],[121.037695,6.095996],[121.159375,6.075635]]],[[[117.079883,7.883398],[117.02832,7.80752],[116.969531,7.894922],[116.975781,8.01665],[116.993555,8.050537],[117.077051,8.069141],[117.079883,7.883398]]],[[[119.916211,10.485986],[119.793164,10.455273],[119.764453,10.551611],[119.852051,10.640137],[119.950195,10.604785],[120.008398,10.570117],[119.981152,10.538721],[119.916211,10.485986]]],[[[120.1,12.167676],[120.154688,12.152393],[120.19375,12.167041],[120.228223,12.219824],[120.260547,12.141748],[120.341406,12.077441],[120.314551,12.012402],[120.243457,12.004785],[120.173633,12.019629],[120.100098,11.99375],[120.010547,12.008252],[119.957031,12.069238],[119.896094,12.17876],[119.865918,12.199023],[119.869629,12.243994],[119.891797,12.27251],[119.880078,12.279883],[119.885742,12.299854],[119.89668,12.313428],[119.916406,12.319092],[119.963867,12.27041],[120.077539,12.197754],[120.1,12.167676]]],[[[120.03877,11.70332],[119.963867,11.669385],[119.944922,11.690723],[119.931738,11.740332],[119.932813,11.774463],[119.860938,11.953955],[119.916016,11.981348],[119.956543,11.960254],[119.997852,11.932129],[120.035937,11.917236],[120.070703,11.860547],[120.062402,11.821338],[120.073145,11.783496],[120.03877,11.70332]]],[[[122.649512,10.472705],[122.621875,10.459033],[122.597168,10.461035],[122.538379,10.424951],[122.516699,10.492529],[122.5375,10.607568],[122.625781,10.69502],[122.648438,10.72251],[122.672559,10.738818],[122.70127,10.740625],[122.729199,10.706396],[122.737207,10.65459],[122.68125,10.498242],[122.649512,10.472705]]],[[[124.593848,9.787207],[124.584277,9.750488],[124.505664,9.753516],[124.477539,9.7479],[124.403418,9.654102],[124.359863,9.630225],[124.122461,9.599316],[123.935645,9.623975],[123.87168,9.675732],[123.82998,9.761133],[123.817187,9.817383],[123.863867,9.878809],[123.908887,9.919629],[124.059766,10.000195],[124.093848,10.061328],[124.172852,10.135205],[124.335742,10.159912],[124.351562,10.141357],[124.373242,10.12959],[124.405859,10.126416],[124.486328,10.065479],[124.577148,10.026709],[124.555078,9.879199],[124.582227,9.82959],[124.593848,9.787207]]],[[[120.250391,5.256592],[120.223242,5.19624],[120.191602,5.168311],[120.15,5.184082],[120.118359,5.215381],[120.100586,5.168994],[120.013281,5.151123],[119.958105,5.079541],[119.877539,5.060205],[119.821484,5.069531],[119.827344,5.133154],[119.982715,5.228418],[120.079688,5.263623],[120.165234,5.332422],[120.208008,5.340088],[120.229395,5.284082],[120.250391,5.256592]]],[[[122.092871,6.42832],[121.991406,6.414551],[121.95918,6.41582],[121.879883,6.517578],[121.872461,6.562744],[121.808691,6.613721],[121.832031,6.664062],[121.914941,6.676221],[122.058301,6.740723],[122.288086,6.638916],[122.323535,6.602246],[122.251758,6.579785],[122.200977,6.48291],[122.092871,6.42832]]],[[[126.059375,9.766211],[126.046777,9.760791],[125.991211,9.838525],[125.998633,9.927051],[126.073828,10.059229],[126.129492,9.943555],[126.128906,9.891113],[126.120801,9.865186],[126.172559,9.799951],[126.136914,9.767773],[126.059375,9.766211]]],[[[125.690234,9.914453],[125.672559,9.886475],[125.648633,9.944092],[125.590527,9.998193],[125.534473,10.090088],[125.494824,10.118701],[125.521973,10.191504],[125.524609,10.309717],[125.580176,10.363672],[125.605859,10.37959],[125.647949,10.436816],[125.666797,10.440137],[125.68457,10.392041],[125.64668,10.24541],[125.70332,10.071777],[125.684375,9.963184],[125.69248,9.939014],[125.690234,9.914453]]],[[[120.271289,13.750684],[120.272852,13.682959],[120.104199,13.782373],[120.099414,13.816943],[120.103418,13.842529],[120.120703,13.858057],[120.211426,13.820654],[120.271289,13.750684]]],[[[121.914844,13.540332],[121.976562,13.537402],[121.995703,13.546777],[122.114551,13.463184],[122.107324,13.42085],[122.122363,13.365137],[122.054688,13.268652],[122.042383,13.236182],[122.004883,13.20498],[121.875879,13.281738],[121.829199,13.328613],[121.815039,13.424463],[121.866211,13.566162],[121.914844,13.540332]]],[[[122.094043,12.354883],[122.013965,12.105615],[121.960156,12.191406],[121.981934,12.245312],[121.935645,12.290381],[121.923242,12.331299],[121.941016,12.3854],[121.989453,12.435303],[122.001563,12.598535],[122.103809,12.650635],[122.14502,12.652637],[122.130273,12.612598],[122.131641,12.537549],[122.094043,12.354883]]],[[[122.654492,12.309033],[122.60332,12.285596],[122.499316,12.383691],[122.438867,12.429492],[122.422949,12.455078],[122.471875,12.491943],[122.603613,12.491602],[122.673633,12.424268],[122.683301,12.382324],[122.654492,12.309033]]],[[[123.281836,12.853418],[123.367188,12.70083],[123.274219,12.805078],[123.166406,12.875879],[123.054199,12.993457],[122.973437,13.034717],[122.949023,13.058691],[122.95752,13.107178],[123.01709,13.116162],[123.043555,13.113379],[123.20625,12.90542],[123.281836,12.853418]]],[[[123.775391,12.453906],[123.779102,12.36626],[123.741504,12.398535],[123.620605,12.570508],[123.587207,12.633301],[123.621484,12.674902],[123.708691,12.610791],[123.775391,12.453906]]],[[[123.716602,12.287354],[123.908301,12.169092],[124.040332,11.966797],[124.055664,11.811572],[124.045508,11.752441],[123.982715,11.818896],[123.847754,11.913574],[123.754004,11.934473],[123.725195,11.951562],[123.736035,12.002637],[123.674805,12.05],[123.667578,12.069336],[123.612012,12.090234],[123.531055,12.196631],[123.47373,12.21665],[123.418848,12.194238],[123.292676,12.036377],[123.157813,11.925635],[123.155859,11.967969],[123.210547,12.106592],[123.245313,12.328027],[123.267188,12.395459],[123.239844,12.494678],[123.236426,12.583496],[123.337012,12.542383],[123.462988,12.501221],[123.558984,12.444824],[123.574805,12.406934],[123.716602,12.287354]]],[[[124.353613,13.632227],[124.327051,13.567383],[124.294531,13.590332],[124.248242,13.58667],[124.175391,13.531543],[124.057031,13.605566],[124.038867,13.663135],[124.12373,13.790479],[124.122852,13.979687],[124.153711,14.026172],[124.18623,14.059521],[124.224902,14.077588],[124.308301,13.946973],[124.336719,13.931104],[124.417188,13.871045],[124.396289,13.750098],[124.404004,13.679443],[124.353613,13.632227]]],[[[122.175391,14.048828],[122.172266,14.008008],[121.95625,14.156055],[121.946387,14.181494],[121.945996,14.205127],[121.95918,14.22876],[122.175391,14.048828]]],[[[122.033496,15.005029],[122.051562,14.969873],[122.031738,14.971631],[122.017285,14.965283],[121.970313,14.892969],[122.02168,14.759424],[121.989648,14.662158],[121.933008,14.656055],[121.910645,14.666504],[121.922168,14.714551],[121.93457,14.736621],[121.923047,14.8],[121.889258,14.839844],[121.862305,14.917187],[121.820312,14.963574],[121.839844,15.038135],[121.97168,15.046387],[122.033496,15.005029]]],[[[124.316211,10.606006],[124.288477,10.601465],[124.334668,10.706689],[124.371094,10.691357],[124.382324,10.679834],[124.381348,10.632568],[124.316211,10.606006]]],[[[125.280762,9.982178],[125.287695,9.932715],[125.158984,10.062939],[125.133008,10.155029],[125.175879,10.151074],[125.230957,10.115674],[125.280762,9.982178]]],[[[122.937109,7.409131],[122.948047,7.385742],[122.943652,7.361035],[122.839551,7.3146],[122.804688,7.315967],[122.796582,7.393359],[122.822168,7.428467],[122.871191,7.397314],[122.914844,7.433398],[122.937109,7.409131]]],[[[125.78457,6.962744],[125.768945,6.905762],[125.70752,7.03999],[125.683008,7.073193],[125.714453,7.185547],[125.783398,7.130664],[125.78457,6.962744]]],[[[124.608398,11.492188],[124.483496,11.48584],[124.428809,11.531738],[124.360352,11.665918],[124.437402,11.69502],[124.510938,11.687109],[124.564941,11.639697],[124.622266,11.549561],[124.608398,11.492188]]],[[[124.806641,9.142627],[124.77793,9.083105],[124.66582,9.132324],[124.639063,9.175098],[124.65332,9.22583],[124.708105,9.243018],[124.736816,9.243164],[124.790234,9.190088],[124.806641,9.142627]]],[[[121.252246,19.082422],[121.24668,19.015186],[121.196094,19.050684],[121.184863,19.101416],[121.189941,19.138916],[121.213184,19.183594],[121.244727,19.143018],[121.252246,19.082422]]],[[[119.861426,11.525342],[119.88291,11.472412],[119.854883,11.393066],[119.830664,11.375684],[119.798633,11.40874],[119.72998,11.431934],[119.725586,11.474658],[119.761426,11.473633],[119.826758,11.51543],[119.861426,11.525342]]],[[[123.757031,11.283301],[123.815625,11.150732],[123.736719,11.151465],[123.707617,11.247998],[123.741406,11.27915],[123.757031,11.283301]]],[[[122.31084,12.528809],[122.279785,12.498291],[122.260938,12.503076],[122.247852,12.556934],[122.278027,12.59292],[122.2875,12.589258],[122.31084,12.528809]]],[[[125.970508,9.593555],[125.952441,9.567969],[125.92207,9.621484],[125.948535,9.739209],[125.967773,9.759082],[125.992969,9.68457],[125.970508,9.593555]]],[[[124.854395,11.594775],[124.835938,11.543311],[124.806641,11.557568],[124.781055,11.580762],[124.743652,11.658545],[124.730859,11.715332],[124.788379,11.683105],[124.821484,11.626611],[124.854395,11.594775]]],[[[117.355273,8.214648],[117.287012,8.191016],[117.272266,8.253516],[117.280859,8.31499],[117.32959,8.308496],[117.353711,8.289258],[117.355273,8.214648]]],[[[123.697656,9.237305],[123.70625,9.133545],[123.614453,9.10332],[123.540723,9.129736],[123.493457,9.19209],[123.493555,9.215527],[123.535156,9.213574],[123.626074,9.268262],[123.654883,9.27876],[123.697656,9.237305]]]]}},{"type":"Feature","properties":{"name":"North Korea"},"geometry":{"type":"MultiPolygon","coordinates":[[[[128.374609,38.623437],[128.339453,38.607861],[128.279297,38.523779],[128.223145,38.416992],[128.168652,38.359326],[128.10625,38.327344],[128.038965,38.308545],[127.905273,38.300439],[127.784668,38.307715],[127.745508,38.319238],[127.579492,38.3125],[127.532715,38.30498],[127.294043,38.313281],[127.169531,38.304541],[127.090332,38.283887],[127.009668,38.240527],[126.940039,38.175586],[126.878906,38.106055],[126.754297,37.978955],[126.666797,37.917187],[126.666504,37.82793],[126.664551,37.800732],[126.633887,37.781836],[126.623242,37.790186],[126.572754,37.796826],[126.369922,37.878369],[126.203125,37.828516],[126.161035,37.763721],[126.116699,37.74292],[126.050293,37.869824],[125.941699,37.873682],[125.769141,37.985352],[125.69502,37.962695],[125.676172,37.917725],[125.581543,37.815039],[125.449316,37.730225],[125.406641,37.719043],[125.357813,37.724805],[125.364844,37.748242],[125.310742,37.843506],[125.101953,37.88208],[125.026758,37.922607],[124.98877,37.931445],[125.193164,38.037793],[125.24668,38.056836],[125.206738,38.081543],[125.162598,38.093652],[124.99502,38.077832],[124.907031,38.112646],[124.779492,38.101514],[124.690918,38.129199],[124.874512,38.233398],[124.882715,38.294971],[124.880566,38.34165],[124.97373,38.480127],[125.067383,38.556738],[125.309668,38.665381],[125.415332,38.68042],[125.491797,38.676123],[125.554492,38.68623],[125.488672,38.727783],[125.424219,38.746875],[125.298926,38.742969],[125.168848,38.805518],[125.157324,38.871533],[125.409668,39.288379],[125.413184,39.32627],[125.373633,39.427637],[125.36084,39.526611],[125.180078,39.583496],[125.100098,39.590332],[124.867871,39.701807],[124.775293,39.758057],[124.738867,39.741504],[124.732227,39.652197],[124.699219,39.632373],[124.638281,39.615088],[124.607617,39.716943],[124.557422,39.790576],[124.403809,39.865527],[124.348633,39.906885],[124.375098,39.996143],[124.362109,40.004053],[124.386621,40.104248],[124.481055,40.181641],[124.712402,40.319238],[124.771973,40.38374],[124.889355,40.459814],[124.942285,40.458154],[124.996875,40.464746],[125.013379,40.497852],[125.025977,40.523877],[125.072949,40.547461],[125.185938,40.589404],[125.314453,40.644629],[125.416895,40.659912],[125.542578,40.742578],[125.593848,40.778955],[125.645117,40.778955],[125.65918,40.795898],[125.688281,40.838672],[125.72832,40.866699],[125.783984,40.872021],[125.874902,40.892236],[125.989062,40.904639],[126.066797,40.974072],[126.093164,41.023682],[126.144531,41.078271],[126.253613,41.137793],[126.328711,41.225684],[126.411816,41.321338],[126.451465,41.351855],[126.49043,41.358057],[126.513574,41.393994],[126.540137,41.495557],[126.57832,41.594336],[126.60127,41.640967],[126.696973,41.691895],[126.721582,41.716553],[126.743066,41.724854],[126.787695,41.718213],[126.847266,41.747998],[126.903516,41.781055],[126.954785,41.769482],[127.006934,41.742041],[127.061328,41.687354],[127.085352,41.643799],[127.128418,41.607422],[127.136719,41.554541],[127.179688,41.531348],[127.270801,41.519824],[127.420313,41.483789],[127.516992,41.481738],[127.572168,41.454736],[127.687695,41.43999],[127.918652,41.461133],[128.013086,41.448682],[128.052734,41.415625],[128.11123,41.389258],[128.149414,41.387744],[128.200293,41.433008],[128.254883,41.506543],[128.290918,41.562793],[128.289258,41.607422],[128.257812,41.655371],[128.181738,41.700049],[128.131934,41.769141],[128.08418,41.840576],[128.056055,41.86377],[128.03291,41.898486],[128.028711,41.951611],[128.045215,41.9875],[128.160156,42.011621],[128.307813,42.025635],[128.427246,42.010742],[128.626758,42.02085],[128.749023,42.040674],[128.839844,42.037842],[128.923438,42.038232],[128.960645,42.068799],[129.077246,42.142383],[129.133691,42.168506],[129.195508,42.218457],[129.205371,42.270557],[129.217773,42.312695],[129.252539,42.357861],[129.313672,42.413574],[129.36582,42.439209],[129.423633,42.435889],[129.484863,42.410303],[129.52373,42.384668],[129.567578,42.39209],[129.603906,42.435889],[129.62793,42.444287],[129.697852,42.448145],[129.719727,42.475],[129.746484,42.603809],[129.773438,42.705469],[129.779199,42.776562],[129.841504,42.894238],[129.861035,42.965088],[129.898242,42.998145],[129.941211,42.995654],[129.976953,42.974854],[130.022266,42.962598],[130.082617,42.97417],[130.124805,42.956006],[130.15127,42.917969],[130.240332,42.891797],[130.248828,42.872607],[130.24668,42.744824],[130.295605,42.684961],[130.360742,42.630859],[130.450293,42.581689],[130.498242,42.570508],[130.526953,42.5354],[130.554102,42.474707],[130.617969,42.415625],[130.651563,42.37251],[130.658008,42.327783],[130.687305,42.302539],[130.636523,42.274854],[130.569238,42.291699],[130.45752,42.301709],[130.314746,42.214111],[130.235742,42.183203],[130.179883,42.096973],[130.068262,42.045752],[130.007324,41.991162],[129.928223,41.896729],[129.876367,41.805518],[129.756348,41.712256],[129.686328,41.594971],[129.682422,41.494336],[129.758984,41.391504],[129.76582,41.303857],[129.712109,41.123682],[129.741992,40.932275],[129.708691,40.857324],[129.341113,40.726318],[129.245117,40.661035],[129.109766,40.491064],[128.945215,40.427881],[128.842969,40.358496],[128.701367,40.317529],[128.610742,40.1979],[128.51123,40.130225],[128.392969,40.088965],[128.304492,40.035937],[128.106348,40.032568],[127.966602,39.995605],[127.86709,39.895947],[127.568164,39.781982],[127.527441,39.695703],[127.547266,39.562793],[127.548926,39.461084],[127.522852,39.377393],[127.457422,39.400977],[127.422266,39.373584],[127.383496,39.296143],[127.394531,39.20791],[127.496973,39.179492],[127.580957,39.143262],[127.698926,39.125049],[127.786133,39.084131],[127.97168,38.897998],[128.123047,38.816406],[128.1625,38.786133],[128.249414,38.745215],[128.329492,38.680908],[128.374609,38.623437]]],[[[124.905273,39.536279],[124.848926,39.507568],[124.846094,39.558887],[124.889551,39.6021],[124.93457,39.607812],[124.905273,39.536279]]]]}},{"type":"Feature","properties":{"name":"Mongolia"},"geometry":{"type":"Polygon","coordinates":[[[87.814258,49.162305],[87.818262,49.162109],[87.934766,49.164551],[87.988086,49.186914],[88.028516,49.219775],[88.115723,49.256299],[88.134277,49.298437],[88.135547,49.381494],[88.192578,49.451709],[88.337793,49.472559],[88.393359,49.482861],[88.452441,49.472705],[88.544336,49.482568],[88.633203,49.486133],[88.682715,49.464551],[88.747852,49.44624],[88.831641,49.448437],[88.860352,49.481543],[88.863867,49.527637],[88.900195,49.539697],[88.94541,49.507666],[88.970605,49.48374],[89.008398,49.472803],[89.109473,49.501367],[89.17998,49.532227],[89.20293,49.595703],[89.243945,49.627051],[89.299219,49.611133],[89.395605,49.611523],[89.475,49.660547],[89.579199,49.699707],[89.654102,49.71748],[89.669531,49.750488],[89.634277,49.823291],[89.643848,49.903027],[89.744238,49.948096],[89.878027,49.953516],[89.977344,49.984326],[90.00498,50.069287],[90.053711,50.09375],[90.103711,50.10332],[90.224512,50.116699],[90.311328,50.151172],[90.364844,50.166895],[90.516895,50.21333],[90.655078,50.222363],[90.714355,50.259424],[90.760742,50.305957],[90.838086,50.32373],[90.917188,50.36416],[91.021582,50.415479],[91.062793,50.422607],[91.233789,50.452393],[91.300586,50.463379],[91.34082,50.470068],[91.415039,50.468018],[91.446484,50.522168],[91.52168,50.562012],[91.596875,50.575537],[91.63418,50.615137],[91.706348,50.665527],[91.804297,50.693604],[91.956543,50.697607],[92.104004,50.691992],[92.192383,50.700586],[92.265332,50.775195],[92.279004,50.812207],[92.295801,50.849805],[92.354785,50.86416],[92.426367,50.803076],[92.486426,50.765088],[92.578906,50.725439],[92.62666,50.688281],[92.681348,50.683203],[92.738672,50.710938],[92.779297,50.778662],[92.856445,50.789111],[92.941309,50.778223],[92.963574,50.744922],[92.970703,50.7125],[93.009863,50.654541],[93.103125,50.603906],[93.222559,50.606543],[93.270508,50.615576],[93.386816,50.608496],[93.501074,50.597461],[93.625586,50.585547],[93.662012,50.583691],[93.79541,50.577637],[93.989844,50.568848],[94.075781,50.572852],[94.251074,50.556396],[94.287012,50.511377],[94.319336,50.404883],[94.346875,50.303418],[94.354688,50.221826],[94.400195,50.179639],[94.458496,50.165723],[94.496875,50.132812],[94.564648,50.087939],[94.614746,50.02373],[94.675488,50.028076],[94.718066,50.043262],[94.81123,50.048193],[94.930273,50.04375],[95.012891,50.008252],[95.044336,49.961572],[95.111426,49.935449],[95.166211,49.943848],[95.329492,49.944141],[95.385645,49.941211],[95.441797,49.915527],[95.522656,49.91123],[95.567187,49.943848],[95.707812,49.966016],[95.789355,50.0125],[95.851953,50.012939],[95.899414,49.990576],[95.935742,49.96001],[95.989551,49.973584],[96.018555,49.998779],[96.065527,49.99873],[96.111719,49.982471],[96.229688,49.954102],[96.315039,49.901123],[96.381152,49.896045],[96.466406,49.911523],[96.505762,49.918701],[96.543262,49.892529],[96.598437,49.878418],[96.640234,49.897852],[96.711719,49.911572],[96.985742,49.882812],[97.049121,49.829883],[97.097656,49.805029],[97.136914,49.761719],[97.208594,49.730811],[97.359766,49.741455],[97.418359,49.773047],[97.54082,49.843115],[97.589355,49.911475],[97.650977,49.933594],[97.720703,49.944629],[97.785547,49.944531],[97.853906,49.946777],[97.936621,49.996777],[98.003906,50.014258],[98.103418,50.077832],[98.121973,50.106592],[98.170117,50.180566],[98.2,50.227686],[98.250293,50.302441],[98.277344,50.422998],[98.292676,50.486963],[98.279492,50.533252],[98.220508,50.557178],[98.14502,50.568555],[98.078906,50.603809],[98.029785,50.644629],[98.001172,50.702051],[97.961914,50.769141],[97.96416,50.817676],[97.953125,50.855176],[97.919824,50.887158],[97.856152,50.943359],[97.825293,50.985254],[97.835742,51.05166],[97.91084,51.165186],[97.917871,51.217871],[97.927344,51.250732],[97.923242,51.280469],[97.946875,51.348437],[97.98916,51.377051],[98.037598,51.449951],[98.103125,51.483545],[98.184668,51.485742],[98.219922,51.505615],[98.2375,51.578418],[98.276855,51.63457],[98.303125,51.674268],[98.352734,51.717627],[98.640527,51.801172],[98.760156,51.905078],[98.802539,51.957471],[98.848633,52.070068],[98.893164,52.117285],[98.958105,52.101709],[99.034277,52.0354],[99.091406,52.034863],[99.176172,51.998877],[99.407031,51.923535],[99.532324,51.899902],[99.612891,51.892529],[99.719238,51.871631],[99.787891,51.827539],[99.92168,51.755518],[100.03457,51.737109],[100.230371,51.729834],[100.468945,51.726074],[100.53623,51.713477],[100.710742,51.661572],[100.903613,51.604248],[101.085352,51.553027],[101.223242,51.513281],[101.304492,51.474756],[101.38125,51.452637],[101.464355,51.471484],[101.570898,51.467187],[101.821191,51.421045],[101.979199,51.382227],[102.111523,51.353467],[102.155664,51.31377],[102.160059,51.26084],[102.142383,51.216064],[102.151953,51.10752],[102.194531,51.050684],[102.210254,50.974316],[102.226172,50.901465],[102.215039,50.829443],[102.235059,50.791211],[102.276563,50.768701],[102.316602,50.718457],[102.30332,50.665527],[102.285742,50.634668],[102.288379,50.585107],[102.336426,50.544238],[102.406836,50.536182],[102.469434,50.525684],[102.546289,50.461328],[102.683301,50.387158],[102.76543,50.366553],[102.859668,50.333252],[103.039453,50.300635],[103.161719,50.290723],[103.233789,50.264258],[103.304395,50.200293],[103.421191,50.187061],[103.496289,50.164941],[103.63291,50.138574],[103.723242,50.153857],[103.802637,50.176074],[103.856152,50.171826],[103.958496,50.157275],[104.078711,50.154248],[104.179688,50.169434],[104.259961,50.214453],[104.353906,50.275293],[104.466309,50.306152],[104.596387,50.317187],[104.685352,50.341846],[104.976953,50.38291],[105.094727,50.389941],[105.185938,50.42959],[105.266699,50.460498],[105.383594,50.47373],[105.541602,50.44126],[105.692578,50.41416],[105.875195,50.405371],[105.996484,50.36792],[106.08252,50.332568],[106.217871,50.30459],[106.368457,50.317578],[106.574414,50.328809],[106.711133,50.312598],[106.853711,50.248291],[106.941309,50.19668],[107.040234,50.086475],[107.143066,50.033008],[107.233301,49.989404],[107.34707,49.98667],[107.630957,49.983105],[107.786816,49.96001],[107.916602,49.947803],[107.947852,49.924707],[107.934863,49.849023],[107.93877,49.740723],[107.936719,49.691016],[107.96543,49.653516],[108.00957,49.646875],[108.033789,49.593994],[108.098047,49.562646],[108.213086,49.524805],[108.406934,49.396387],[108.522461,49.341504],[108.613672,49.322803],[108.733008,49.335645],[108.919922,49.335352],[109.236719,49.334912],[109.453711,49.296338],[109.528711,49.269873],[109.750391,49.239307],[109.994531,49.205615],[110.199902,49.17041],[110.321387,49.215869],[110.427832,49.219971],[110.52959,49.187061],[110.631055,49.137598],[110.709766,49.142969],[110.82793,49.166162],[111.204199,49.304297],[111.336621,49.355859],[111.429297,49.342627],[111.511914,49.360937],[111.574805,49.376416],[111.735547,49.397754],[111.833398,49.403613],[111.934473,49.416016],[112.079688,49.424219],[112.375195,49.5146],[112.494922,49.532324],[112.697363,49.507275],[112.806445,49.523584],[112.914844,49.569238],[113.055566,49.61626],[113.09209,49.692529],[113.16416,49.797168],[113.319043,49.874316],[113.445508,49.941602],[113.574219,50.007031],[113.732422,50.061523],[113.881152,50.101123],[114.070703,50.204736],[114.221777,50.257275],[114.29707,50.274414],[114.386328,50.255469],[114.554004,50.241455],[114.674902,50.245703],[114.743164,50.233691],[114.87959,50.183057],[115.00332,50.138574],[115.098047,50.059424],[115.274512,49.948877],[115.365039,49.911768],[115.429199,49.896484],[115.587988,49.886035],[115.717773,49.880615],[115.795215,49.905908],[115.925977,49.952148],[116.13457,50.010791],[116.216797,50.009277],[116.351172,49.978076],[116.551172,49.920312],[116.631543,49.877051],[116.683301,49.823779],[116.589746,49.684814],[116.402148,49.406201],[116.243359,49.170361],[116.159668,49.037451],[116.098242,48.936133],[116.034375,48.840039],[116.025488,48.782275],[115.953809,48.689355],[115.820508,48.577246],[115.791699,48.455713],[115.796582,48.346338],[115.785547,48.248242],[115.639453,48.18623],[115.525098,48.130859],[115.557617,47.94502],[115.616406,47.874805],[115.711719,47.798926],[115.811719,47.738232],[115.898242,47.686914],[115.993848,47.711328],[116.074805,47.789551],[116.231152,47.858203],[116.317187,47.859863],[116.378223,47.844043],[116.513477,47.839551],[116.651953,47.864502],[116.760547,47.869775],[116.901172,47.853076],[116.95166,47.836572],[117.069727,47.806396],[117.19707,47.740283],[117.285937,47.666357],[117.350781,47.652197],[117.383984,47.675732],[117.455078,47.741357],[117.555371,47.804688],[117.67666,47.908301],[117.768359,47.987891],[117.84043,47.999854],[117.979199,47.999609],[118.041895,48.018945],[118.14707,48.028906],[118.239648,47.999512],[118.498438,47.983984],[118.567773,47.943262],[118.690527,47.822266],[118.759961,47.757617],[118.880273,47.725098],[118.953125,47.70293],[119.017578,47.685352],[119.081934,47.65415],[119.097266,47.61626],[119.122949,47.558496],[119.162402,47.525195],[119.235254,47.492578],[119.29082,47.472656],[119.308594,47.430713],[119.325977,47.410156],[119.37666,47.380859],[119.526953,47.255908],[119.600195,47.222461],[119.711133,47.15],[119.757227,47.090039],[119.759863,47.027002],[119.788477,46.978809],[119.862695,46.906592],[119.897852,46.857812],[119.88418,46.791455],[119.895898,46.732861],[119.867188,46.672168],[119.747461,46.627197],[119.706641,46.606006],[119.620215,46.603955],[119.474023,46.62666],[119.331836,46.613818],[119.162109,46.638672],[119.028516,46.692187],[118.957129,46.734863],[118.843945,46.760205],[118.790332,46.74707],[118.722949,46.691895],[118.64873,46.70166],[118.580469,46.691895],[118.404395,46.703174],[118.308691,46.717041],[118.156836,46.678564],[118.071289,46.666602],[117.910449,46.619336],[117.813477,46.537695],[117.741211,46.518164],[117.671094,46.52207],[117.620508,46.552002],[117.546875,46.588281],[117.438086,46.58623],[117.405566,46.570898],[117.392188,46.537598],[117.356348,46.43667],[117.356934,46.391309],[117.333398,46.362012],[117.269043,46.352246],[117.155957,46.355078],[116.978809,46.361768],[116.859082,46.387939],[116.787012,46.37666],[116.688867,46.321973],[116.619336,46.313086],[116.562598,46.289795],[116.516699,46.209082],[116.444824,46.158789],[116.357617,46.096582],[116.264551,45.963037],[116.212988,45.886914],[116.229102,45.845752],[116.240625,45.795996],[116.197656,45.739355],[116.109863,45.686719],[116.039551,45.676953],[115.93418,45.626172],[115.78916,45.534814],[115.681055,45.458252],[115.539453,45.439502],[115.439453,45.419971],[115.21748,45.396191],[115.162598,45.390234],[114.919238,45.378271],[114.73877,45.419629],[114.644336,45.413281],[114.560156,45.38999],[114.517188,45.3646],[114.502246,45.316309],[114.487305,45.271729],[114.419141,45.202588],[114.281055,45.110889],[114.167383,45.049854],[114.080273,44.971143],[114.030273,44.942578],[113.930859,44.912305],[113.877051,44.896191],[113.752148,44.825928],[113.652637,44.763477],[113.587012,44.745703],[113.50791,44.762354],[113.455664,44.767432],[113.300977,44.79165],[113.196094,44.794824],[113.049414,44.810352],[112.706738,44.883447],[112.596777,44.917676],[112.499316,45.010937],[112.411328,45.058203],[112.29209,45.063037],[112.112891,45.062939],[112.032617,45.081641],[111.898047,45.064062],[111.751074,44.969531],[111.681445,44.89917],[111.621289,44.827148],[111.547461,44.6729],[111.514746,44.569824],[111.489453,44.511572],[111.410937,44.419189],[111.402246,44.367285],[111.42959,44.322363],[111.48623,44.271631],[111.519727,44.191895],[111.602637,44.107129],[111.683789,44.041113],[111.836914,43.934668],[111.880273,43.878906],[111.931738,43.814941],[111.942871,43.752441],[111.933203,43.711426],[111.878125,43.680176],[111.771094,43.6646],[111.719727,43.621143],[111.64082,43.563184],[111.547363,43.496289],[111.503516,43.492773],[111.451074,43.474902],[111.186816,43.391992],[111.086523,43.36875],[111.007227,43.341406],[110.913281,43.256885],[110.839551,43.194092],[110.748535,43.110791],[110.708594,43.073877],[110.627539,42.990527],[110.520898,42.895264],[110.461719,42.844141],[110.42959,42.813574],[110.400391,42.773682],[110.288867,42.742725],[110.196875,42.71001],[110.058008,42.660596],[109.858789,42.60625],[109.698047,42.553809],[109.595508,42.510547],[109.443164,42.455957],[109.339844,42.438379],[109.131641,42.440576],[108.874512,42.426465],[108.687305,42.416113],[108.546484,42.429297],[108.333984,42.436768],[108.171191,42.447314],[108.062305,42.427197],[107.805957,42.405859],[107.74873,42.400977],[107.292383,42.349268],[107.090723,42.321533],[106.906055,42.308887],[106.77002,42.288721],[106.693164,42.263574],[106.579102,42.227344],[106.51875,42.211572],[106.317187,42.140576],[105.867578,41.993994],[105.566406,41.875098],[105.51709,41.854736],[105.314355,41.770898],[105.19707,41.738037],[105.11543,41.663281],[105.050586,41.615918],[104.982031,41.595508],[104.860352,41.64375],[104.773633,41.641162],[104.498242,41.658691],[104.498242,41.877002],[104.305176,41.846143],[103.997266,41.796973],[103.711133,41.751318],[103.449707,41.855859],[103.247852,41.936572],[103.072852,42.005957],[102.806836,42.052002],[102.575195,42.09209],[102.156641,42.158105],[101.972949,42.215869],[101.879883,42.292334],[101.713867,42.46582],[101.659961,42.500049],[101.579102,42.523535],[101.495313,42.53877],[101.31377,42.537891],[101.091992,42.551318],[100.772559,42.587793],[100.519043,42.616797],[100.086328,42.670752],[99.983789,42.677344],[99.757422,42.629443],[99.467871,42.568213],[98.946875,42.616211],[98.716309,42.638721],[98.248242,42.684521],[97.718945,42.736279],[97.205664,42.789795],[96.833008,42.760254],[96.625293,42.743848],[96.385449,42.720361],[96.352344,42.746777],[96.34248,42.849316],[96.299512,42.928711],[96.168457,43.014502],[96.080273,43.096143],[95.9125,43.206494],[95.85957,43.275977],[95.841992,43.383691],[95.687305,43.664062],[95.591211,43.853613],[95.567187,43.892236],[95.525586,43.953955],[95.471289,43.986182],[95.356445,44.005957],[95.325586,44.039355],[95.325586,44.104883],[95.343652,44.19541],[95.366797,44.261523],[95.350293,44.278076],[95.049805,44.259424],[94.866016,44.30332],[94.712012,44.35083],[94.494336,44.47251],[94.364746,44.519482],[94.199316,44.645166],[93.95791,44.674951],[93.868164,44.724219],[93.755273,44.831934],[93.656445,44.900977],[93.516211,44.944482],[93.294336,44.983154],[92.916016,45.020166],[92.787891,45.035742],[92.578906,45.010986],[92.423828,45.008936],[92.172656,45.035254],[92.029785,45.068506],[91.852832,45.069336],[91.737793,45.068945],[91.584375,45.076514],[91.510059,45.098242],[91.441016,45.124756],[91.312109,45.118115],[91.221777,45.144531],[91.137695,45.193945],[91.05,45.217432],[90.953613,45.215918],[90.913965,45.193945],[90.877246,45.196094],[90.853223,45.262891],[90.763184,45.370654],[90.749609,45.418945],[90.694434,45.474658],[90.661816,45.525244],[90.670703,45.595166],[90.709668,45.730811],[90.795898,45.853516],[90.852441,45.8854],[90.887109,45.921631],[90.959766,45.985059],[91.001758,46.035791],[90.996777,46.10498],[90.947559,46.177295],[90.911523,46.270654],[90.918262,46.324268],[90.971484,46.387988],[91.033887,46.529004],[91.028906,46.566064],[91.004297,46.595752],[90.997852,46.661084],[90.985742,46.749023],[90.910547,46.883252],[90.869922,46.954492],[90.799023,46.985156],[90.715527,47.003857],[90.643359,47.100293],[90.55293,47.214014],[90.496191,47.285156],[90.476465,47.328809],[90.46748,47.408154],[90.425195,47.504102],[90.380664,47.556641],[90.347461,47.596973],[90.330664,47.655176],[90.313281,47.676172],[90.191016,47.7021],[90.103223,47.74541],[90.066602,47.803564],[90.053906,47.850488],[90.02793,47.877686],[89.958691,47.886328],[89.910449,47.844336],[89.831348,47.823291],[89.778125,47.827002],[89.725586,47.85249],[89.693164,47.87915],[89.638477,47.909082],[89.560938,48.003955],[89.479199,48.029053],[89.329883,48.024854],[89.196289,47.980908],[89.115625,47.987695],[89.047656,48.002539],[88.971094,48.049951],[88.917773,48.089014],[88.838281,48.101709],[88.681836,48.170557],[88.575977,48.220166],[88.566797,48.317432],[88.51709,48.384473],[88.413965,48.403418],[88.309961,48.47207],[88.158203,48.509082],[88.062598,48.537842],[87.979688,48.555127],[87.967383,48.581055],[87.972266,48.60332],[88.010645,48.64043],[88.050195,48.675049],[88.060059,48.707178],[88.02793,48.735596],[87.942187,48.765283],[87.831836,48.79165],[87.80918,48.835742],[87.743164,48.881641],[87.754687,48.918555],[87.806836,48.945508],[87.859863,48.965527],[87.872168,49.000146],[87.834668,49.031934],[87.816309,49.080273],[87.825195,49.116309],[87.814258,49.162305]]]}},{"type":"Feature","properties":{"name":"Laos"},"geometry":{"type":"Polygon","coordinates":[[[102.127441,22.379199],[102.183008,22.284033],[102.301367,22.178174],[102.442676,22.027148],[102.4875,21.957764],[102.58252,21.904297],[102.609668,21.851758],[102.63125,21.771338],[102.64082,21.711426],[102.662012,21.676025],[102.695312,21.662109],[102.738574,21.67793],[102.771094,21.709668],[102.798242,21.797949],[102.815918,21.807373],[102.845215,21.734766],[102.876172,21.722266],[102.917676,21.712939],[102.949609,21.681348],[102.95918,21.626221],[102.948633,21.569775],[102.90957,21.506348],[102.8875,21.439941],[102.872266,21.3375],[102.851172,21.265918],[102.883789,21.202588],[103.104492,20.89165],[103.210742,20.840625],[103.463574,20.779834],[103.554688,20.737842],[103.635059,20.69707],[103.714453,20.716943],[103.790527,20.809521],[103.882031,20.861426],[104.052051,20.941211],[104.101367,20.945508],[104.195312,20.913965],[104.349609,20.821094],[104.461426,20.73374],[104.530371,20.687988],[104.583203,20.64668],[104.575195,20.600244],[104.532715,20.554883],[104.478613,20.52959],[104.407813,20.485742],[104.367773,20.441406],[104.392188,20.424756],[104.496191,20.413672],[104.618848,20.374512],[104.656445,20.328516],[104.661914,20.289014],[104.676953,20.224707],[104.69873,20.205322],[104.812695,20.216846],[104.847852,20.202441],[104.888672,20.169092],[104.929199,20.082813],[104.92793,20.018115],[104.845801,19.947168],[104.815137,19.904004],[104.801758,19.836133],[104.743164,19.754736],[104.587891,19.61875],[104.546289,19.610547],[104.259863,19.685498],[104.127148,19.680859],[104.062793,19.678418],[104.032031,19.675146],[104.013477,19.646484],[104.051562,19.56416],[104.062891,19.482568],[104.027539,19.420459],[103.932031,19.366064],[103.896387,19.33999],[103.891602,19.30498],[103.918359,19.268506],[104.006348,19.230908],[104.108594,19.195557],[104.445801,18.983838],[104.517969,18.934082],[104.613281,18.860645],[104.716504,18.803418],[104.993164,18.72832],[105.115137,18.678857],[105.146484,18.650977],[105.14541,18.616797],[105.113477,18.573047],[105.087012,18.49624],[105.08584,18.450098],[105.114551,18.405273],[105.163281,18.338721],[105.273242,18.235352],[105.333496,18.189648],[105.4,18.179248],[105.458203,18.154297],[105.518555,18.077441],[105.588477,17.983691],[105.597656,17.918262],[105.627246,17.834424],[105.691406,17.737842],[105.779492,17.644434],[105.902734,17.528662],[105.973535,17.446973],[106.00625,17.415283],[106.269531,17.216797],[106.333398,17.143701],[106.425977,17.002539],[106.465332,16.981836],[106.502246,16.954102],[106.525977,16.876611],[106.533691,16.821045],[106.546191,16.650732],[106.593652,16.600098],[106.6375,16.537939],[106.656445,16.492627],[106.696094,16.458984],[106.739551,16.452539],[106.791602,16.490332],[106.832422,16.52627],[106.851074,16.515625],[106.892773,16.396533],[106.930664,16.353125],[107.001953,16.311816],[107.069727,16.279834],[107.217383,16.136328],[107.296484,16.084033],[107.350098,16.067383],[107.396387,16.043018],[107.410156,15.997852],[107.391992,15.95166],[107.360645,15.921729],[107.188867,15.838623],[107.165918,15.80249],[107.189551,15.747266],[107.232617,15.678076],[107.279395,15.618701],[107.33877,15.560498],[107.45957,15.46582],[107.564258,15.391602],[107.62168,15.309863],[107.653125,15.255225],[107.633691,15.189844],[107.589648,15.118457],[107.555273,15.057031],[107.496289,15.021436],[107.480371,14.979883],[107.504687,14.915918],[107.524512,14.871826],[107.51377,14.817383],[107.519434,14.705078],[107.465137,14.66499],[107.414746,14.562891],[107.379883,14.555322],[107.292676,14.592383],[107.262305,14.572119],[107.206641,14.4979],[107.109375,14.416699],[107.062402,14.415771],[107.030176,14.425684],[106.992187,14.391016],[106.938086,14.327344],[106.913184,14.329395],[106.819922,14.314697],[106.783496,14.335107],[106.738184,14.387744],[106.66543,14.441309],[106.599219,14.479395],[106.563672,14.505078],[106.531152,14.549414],[106.501465,14.578223],[106.446973,14.515039],[106.35498,14.454785],[106.267969,14.466211],[106.225391,14.476221],[106.190723,14.388135],[106.165234,14.372363],[106.008398,14.357178],[105.978906,14.343018],[106.004102,14.262891],[106.09668,14.1271],[106.124707,14.049121],[106.066797,13.921191],[105.904492,13.924512],[105.831445,13.976611],[105.764063,14.049072],[105.739746,14.084961],[105.531543,14.156152],[105.392676,14.10708],[105.350195,14.10957],[105.284863,14.161475],[105.245703,14.200537],[105.207031,14.259375],[105.185547,14.319092],[105.183301,14.34624],[105.243652,14.367871],[105.342188,14.416699],[105.422656,14.471631],[105.475586,14.530127],[105.497363,14.590674],[105.500195,14.66123],[105.523047,14.843311],[105.54668,14.932471],[105.533398,15.041602],[105.49043,15.127588],[105.49043,15.256592],[105.505859,15.319629],[105.513184,15.360889],[105.57373,15.413232],[105.615625,15.488281],[105.638867,15.585938],[105.641016,15.656543],[105.62207,15.699951],[105.562402,15.74126],[105.462012,15.78042],[105.398926,15.829883],[105.373242,15.889697],[105.375586,15.942188],[105.40625,15.987451],[105.330664,16.037891],[105.14873,16.093555],[105.047168,16.160254],[105.025781,16.237988],[104.949902,16.339941],[104.819336,16.466064],[104.750586,16.647559],[104.743555,16.884375],[104.758984,17.077148],[104.816016,17.300293],[104.739648,17.46167],[104.655859,17.546729],[104.539258,17.609277],[104.428125,17.698975],[104.322656,17.81582],[104.196191,17.988379],[104.04873,18.216699],[103.949609,18.318994],[103.898828,18.295313],[103.792285,18.316504],[103.629687,18.382568],[103.487988,18.418164],[103.366992,18.42334],[103.288281,18.408398],[103.251758,18.373486],[103.248926,18.338965],[103.27959,18.30498],[103.263184,18.278467],[103.199707,18.259473],[103.148535,18.221729],[103.091211,18.138232],[103.051367,18.028516],[102.991406,17.98623],[102.898633,17.976904],[102.807422,17.945557],[102.717578,17.892236],[102.675195,17.851758],[102.680078,17.824121],[102.660645,17.817969],[102.616797,17.83335],[102.596094,17.869629],[102.598242,17.926758],[102.552539,17.965088],[102.458789,17.984619],[102.351855,18.045947],[102.231641,18.148975],[102.148242,18.203857],[102.101465,18.210645],[102.03457,18.169824],[101.947461,18.081494],[101.875488,18.046436],[101.818652,18.064648],[101.774805,18.033398],[101.744141,17.952686],[101.6875,17.889404],[101.563672,17.820508],[101.555078,17.812354],[101.413672,17.71875],[101.299707,17.625],[101.16748,17.499023],[101.105176,17.479541],[101.045703,17.509961],[100.955859,17.541113],[100.908496,17.583887],[100.999023,17.797168],[101.113281,18.033545],[101.143945,18.142627],[101.14873,18.222168],[101.1375,18.286865],[101.092773,18.354541],[101.050586,18.407031],[101.046973,18.441992],[101.060449,18.479004],[101.106348,18.533545],[101.165527,18.618311],[101.220508,18.792773],[101.286328,18.977148],[101.279883,19.088916],[101.226562,19.211523],[101.197559,19.32793],[101.220801,19.486621],[101.211914,19.54834],[101.154688,19.579199],[100.966504,19.610791],[100.906055,19.605371],[100.858203,19.585059],[100.806836,19.541943],[100.743945,19.514746],[100.625488,19.499854],[100.513574,19.553467],[100.420117,19.644482],[100.397656,19.756104],[100.466211,19.888916],[100.514551,19.996338],[100.543066,20.088672],[100.539941,20.132373],[100.519531,20.17793],[100.491602,20.184082],[100.431543,20.240723],[100.373145,20.340381],[100.317969,20.385889],[100.266016,20.377295],[100.218066,20.3396],[100.174121,20.272754],[100.139746,20.24541],[100.114941,20.257666],[100.122461,20.31665],[100.129687,20.372217],[100.183887,20.589111],[100.249316,20.730273],[100.326074,20.795703],[100.407422,20.823242],[100.493359,20.812988],[100.565137,20.825098],[100.622949,20.85957],[100.617676,20.879248],[100.549316,20.884229],[100.522266,20.921924],[100.536133,20.992383],[100.566602,21.038184],[100.613672,21.059326],[100.65918,21.130371],[100.703125,21.251367],[100.756641,21.312646],[100.819531,21.314209],[100.927539,21.366211],[101.080371,21.468652],[101.138867,21.56748],[101.19668,21.52207],[101.175391,21.40752],[101.205566,21.383301],[101.219922,21.342432],[101.211816,21.278223],[101.224414,21.22373],[101.247852,21.197314],[101.281445,21.184131],[101.443555,21.230811],[101.542383,21.234277],[101.583887,21.203564],[101.62168,21.184424],[101.668555,21.169629],[101.704785,21.150146],[101.728125,21.156396],[101.783496,21.20415],[101.800586,21.212598],[101.802051,21.235986],[101.763086,21.278906],[101.722949,21.314941],[101.724219,21.39502],[101.743457,21.533838],[101.747266,21.605762],[101.743945,21.777979],[101.736523,21.826514],[101.699609,21.882471],[101.60293,21.989697],[101.575781,22.055273],[101.560254,22.120898],[101.561816,22.162402],[101.537305,22.209863],[101.524512,22.253662],[101.567871,22.276367],[101.619922,22.327441],[101.646191,22.40542],[101.671484,22.462305],[101.70752,22.486572],[101.73877,22.495264],[101.759961,22.490332],[101.841797,22.388477],[101.94541,22.439404],[102.024414,22.439209],[102.091504,22.412256],[102.127441,22.379199]]]}},{"type":"Feature","properties":{"name":"China"},"geometry":{"type":"MultiPolygon","coordinates":[[[[118.183008,24.496289],[118.149512,24.436133],[118.090527,24.446143],[118.08877,24.488867],[118.076758,24.501416],[118.092969,24.541211],[118.103809,24.552344],[118.170703,24.518506],[118.183008,24.496289]]],[[[121.862695,31.492285],[121.780469,31.46377],[121.519922,31.549609],[121.336426,31.64375],[121.226855,31.758105],[121.211133,31.805371],[121.338965,31.797363],[121.46416,31.756445],[121.491797,31.693652],[121.542285,31.673926],[121.576563,31.637305],[121.808301,31.552148],[121.843652,31.526367],[121.862695,31.492285]]],[[[122.295898,29.963428],[122.281543,29.943848],[122.157813,30.00127],[122.024023,30.01333],[121.977832,30.063818],[121.969434,30.143115],[122.110547,30.139746],[122.284473,30.068018],[122.322266,30.031396],[122.295898,29.963428]]],[[[122.172559,29.679004],[122.169043,29.660254],[122.083789,29.725342],[122.042676,29.735937],[122.062305,29.772754],[122.119629,29.782227],[122.165039,29.700781],[122.172559,29.679004]]],[[[122.403906,29.892383],[122.394043,29.846094],[122.367578,29.852686],[122.331836,29.934961],[122.350977,29.955225],[122.401563,29.950244],[122.403906,29.892383]]],[[[119.820898,25.456982],[119.74668,25.410693],[119.700293,25.432715],[119.699414,25.494727],[119.723047,25.550586],[119.695996,25.590869],[119.722559,25.638818],[119.77793,25.653174],[119.797461,25.623242],[119.828711,25.607373],[119.838379,25.591064],[119.838672,25.559668],[119.809082,25.507812],[119.832422,25.47959],[119.820898,25.456982]]],[[[110.385156,21.093164],[110.422363,21.058594],[110.521582,21.083105],[110.539551,21.039014],[110.538867,21.018457],[110.503906,20.967725],[110.421875,21.006885],[110.339941,20.997754],[110.280957,21.001172],[110.264648,21.025195],[110.309863,21.074756],[110.385156,21.093164]]],[[[121.251367,28.086426],[121.164258,28.0625],[121.131543,28.062598],[121.133984,28.135254],[121.205469,28.204395],[121.234375,28.181299],[121.250977,28.145215],[121.251367,28.086426]]],[[[113.555273,22.804199],[113.563672,22.75791],[113.485645,22.82832],[113.463379,22.832373],[113.426074,22.858594],[113.404395,22.902832],[113.464941,22.904541],[113.520508,22.852051],[113.555273,22.804199]]],[[[112.790234,21.601855],[112.771094,21.581836],[112.741992,21.618066],[112.733496,21.669922],[112.712695,21.697949],[112.760547,21.733252],[112.782031,21.772266],[112.839063,21.764502],[112.862598,21.752637],[112.812598,21.712158],[112.800684,21.694873],[112.790234,21.601855]]],[[[112.64375,21.639648],[112.545605,21.618506],[112.525,21.623047],[112.558984,21.674756],[112.647656,21.710254],[112.64375,21.639648]]],[[[107.972656,21.507959],[107.908398,21.5604],[107.802051,21.645166],[107.759277,21.655029],[107.641016,21.613916],[107.471387,21.59834],[107.433496,21.642285],[107.351172,21.608887],[107.27207,21.710645],[107.178516,21.71709],[107.061621,21.794189],[107.019824,21.834863],[107.006445,21.893408],[106.970996,21.923926],[106.925195,21.920117],[106.874512,21.95127],[106.794141,21.981982],[106.729492,22.000342],[106.697656,21.986182],[106.663574,21.978906],[106.657715,22.018213],[106.660059,22.136475],[106.654199,22.241455],[106.636523,22.288623],[106.593164,22.324512],[106.553613,22.341699],[106.536328,22.39541],[106.550391,22.501367],[106.582422,22.573242],[106.633105,22.586035],[106.701563,22.637744],[106.736328,22.710938],[106.780273,22.778906],[106.624023,22.874268],[106.541797,22.90835],[106.450879,22.893896],[106.338086,22.863477],[106.279004,22.857471],[106.249414,22.869434],[106.183984,22.955127],[106.148438,22.970068],[106.068457,22.975537],[106.000977,22.974756],[105.962305,22.937451],[105.902637,22.924951],[105.842969,22.922803],[105.782324,22.969336],[105.691211,23.029932],[105.548145,23.072656],[105.530859,23.121973],[105.494531,23.180859],[105.440137,23.235352],[105.350488,23.307666],[105.275391,23.345215],[105.23877,23.322119],[105.189063,23.281055],[104.995703,23.194336],[104.910156,23.160547],[104.864746,23.136377],[104.826563,23.100195],[104.814746,23.010791],[104.795703,22.911133],[104.740039,22.860498],[104.687305,22.822217],[104.631738,22.818213],[104.577539,22.82002],[104.526855,22.804102],[104.371777,22.704053],[104.29834,22.712012],[104.238281,22.768506],[104.2125,22.809424],[104.143066,22.800146],[104.053906,22.752295],[104.012695,22.666357],[103.99082,22.586133],[103.971387,22.550488],[103.941504,22.540088],[103.915039,22.538232],[103.637305,22.77002],[103.620215,22.782031],[103.570703,22.734424],[103.525391,22.611572],[103.492969,22.587988],[103.470996,22.597412],[103.356055,22.754688],[103.32666,22.769775],[103.300586,22.764404],[103.266309,22.713525],[103.193359,22.638525],[103.137598,22.592969],[103.136328,22.542236],[103.075879,22.49751],[103.005371,22.452979],[102.981934,22.448242],[102.935156,22.466162],[102.874219,22.525391],[102.830078,22.587158],[102.720996,22.648486],[102.598535,22.700391],[102.517188,22.741016],[102.470898,22.750928],[102.42793,22.732812],[102.406445,22.708008],[102.375781,22.646631],[102.302246,22.545996],[102.237012,22.466016],[102.175977,22.414648],[102.127441,22.379199],[102.091504,22.412256],[102.024414,22.439209],[101.94541,22.439404],[101.841797,22.388477],[101.759961,22.490332],[101.73877,22.495264],[101.70752,22.486572],[101.671484,22.462305],[101.646191,22.40542],[101.619922,22.327441],[101.567871,22.276367],[101.524512,22.253662],[101.537305,22.209863],[101.561816,22.162402],[101.560254,22.120898],[101.575781,22.055273],[101.60293,21.989697],[101.699609,21.882471],[101.736523,21.826514],[101.743945,21.777979],[101.747266,21.605762],[101.743457,21.533838],[101.724219,21.39502],[101.722949,21.314941],[101.763086,21.278906],[101.802051,21.235986],[101.800586,21.212598],[101.783496,21.20415],[101.728125,21.156396],[101.704785,21.150146],[101.668555,21.169629],[101.62168,21.184424],[101.583887,21.203564],[101.542383,21.234277],[101.443555,21.230811],[101.281445,21.184131],[101.247852,21.197314],[101.224414,21.22373],[101.211816,21.278223],[101.219922,21.342432],[101.205566,21.383301],[101.175391,21.40752],[101.19668,21.52207],[101.138867,21.56748],[101.147266,21.581641],[101.128125,21.705127],[101.130859,21.735547],[101.120703,21.746094],[101.079785,21.755859],[101.019336,21.736377],[100.835156,21.655176],[100.677148,21.504932],[100.60459,21.471777],[100.531348,21.458105],[100.445703,21.484082],[100.350586,21.501025],[100.214746,21.462988],[100.147656,21.480518],[100.116797,21.511182],[100.089258,21.55791],[100.105762,21.617041],[100.095508,21.660645],[100.041211,21.682764],[99.978223,21.701611],[99.940723,21.75874],[99.925586,21.820801],[99.94043,21.901611],[99.947852,21.98833],[99.917676,22.028027],[99.825391,22.049707],[99.592676,22.08916],[99.388672,22.110791],[99.303125,22.100635],[99.233398,22.110156],[99.192969,22.125977],[99.173438,22.15332],[99.172363,22.19248],[99.205371,22.282568],[99.243066,22.370361],[99.337695,22.498047],[99.343164,22.586523],[99.338281,22.688672],[99.385156,22.825098],[99.466797,22.927295],[99.507129,22.959131],[99.497266,23.00459],[99.464551,23.04624],[99.418066,23.069238],[99.34082,23.095898],[99.220313,23.10332],[99.055078,23.130566],[98.86377,23.19126],[98.885547,23.307471],[98.882617,23.380322],[98.858887,23.440088],[98.819727,23.48252],[98.797852,23.52041],[98.832227,23.624365],[98.787695,23.737842],[98.735059,23.783105],[98.680859,23.841797],[98.676758,23.905078],[98.701563,23.964062],[98.833984,24.090576],[98.835059,24.121191],[98.802344,24.118701],[98.764355,24.116064],[98.583398,24.069824],[98.56416,24.098828],[98.499414,24.115674],[98.367285,24.119043],[98.2125,24.110645],[98.016895,24.06543],[97.837695,23.986279],[97.755664,23.931885],[97.686035,23.898096],[97.629687,23.887158],[97.564551,23.911035],[97.568262,23.988477],[97.690625,24.130811],[97.708203,24.22876],[97.670703,24.312744],[97.666602,24.37998],[97.623633,24.422949],[97.563281,24.443848],[97.531445,24.491699],[97.529395,24.631201],[97.583301,24.774805],[97.670703,24.820117],[97.723828,24.841992],[97.737891,24.869873],[97.710742,24.970361],[97.714941,25.034326],[97.767383,25.158057],[97.819531,25.251855],[97.917969,25.236133],[97.962012,25.259326],[98.010742,25.292529],[98.064063,25.348975],[98.099609,25.415723],[98.142871,25.571094],[98.172559,25.594531],[98.296582,25.568848],[98.333789,25.586768],[98.40166,25.677979],[98.465527,25.788867],[98.558398,25.823242],[98.625391,25.826709],[98.65625,25.863574],[98.654688,25.917773],[98.591016,26.003711],[98.564063,26.072412],[98.571973,26.114062],[98.663184,26.139453],[98.685547,26.189355],[98.671875,26.298535],[98.709473,26.429688],[98.731836,26.583398],[98.739355,26.698145],[98.738477,26.785742],[98.729492,26.877393],[98.716504,27.044922],[98.674805,27.190625],[98.682422,27.245312],[98.676758,27.421924],[98.651172,27.572461],[98.599805,27.598828],[98.504492,27.647656],[98.452539,27.657227],[98.408887,27.639453],[98.392383,27.587061],[98.350488,27.538086],[98.298828,27.550098],[98.274219,27.599072],[98.241016,27.663184],[98.130469,27.967578],[98.118359,28.055225],[98.098926,28.142285],[98.061621,28.185889],[98.022266,28.211523],[97.934082,28.313818],[97.887598,28.356494],[97.864941,28.363574],[97.816504,28.356348],[97.769043,28.356152],[97.730078,28.407129],[97.694629,28.469336],[97.658887,28.5],[97.599219,28.517041],[97.537891,28.510205],[97.502148,28.456348],[97.477734,28.425635],[97.431445,28.353906],[97.356445,28.254492],[97.322461,28.217969],[97.289453,28.236816],[97.145117,28.340332],[97.075391,28.368945],[96.980859,28.337695],[96.833008,28.362402],[96.775781,28.367041],[96.652832,28.449756],[96.602637,28.459912],[96.427734,28.406006],[96.389063,28.36792],[96.366406,28.367285],[96.319824,28.386523],[96.281445,28.412061],[96.278906,28.428174],[96.326172,28.468555],[96.329883,28.496826],[96.327344,28.525391],[96.395605,28.606543],[96.580859,28.763672],[96.55,28.82959],[96.477148,28.959326],[96.46709,29.022266],[96.435742,29.050684],[96.346875,29.027441],[96.162207,28.909717],[96.137109,28.922607],[96.141406,28.963477],[96.122363,29.08208],[96.180859,29.117676],[96.270508,29.16123],[96.339746,29.209814],[96.355859,29.249072],[96.337207,29.260986],[96.234961,29.245801],[96.194727,29.272461],[96.128516,29.381396],[96.07959,29.424121],[96.035352,29.447168],[95.885059,29.390918],[95.710352,29.313818],[95.51582,29.206348],[95.516992,29.151172],[95.49375,29.137012],[95.456543,29.102295],[95.420215,29.054297],[95.389258,29.037402],[95.353125,29.035889],[95.279102,29.049561],[95.144727,29.104053],[94.998828,29.14917],[94.96748,29.144043],[94.769434,29.175879],[94.763086,29.20127],[94.733398,29.251611],[94.677051,29.297021],[94.623047,29.312402],[94.468066,29.216211],[94.293262,29.144629],[94.193457,29.059912],[94.111523,28.975879],[94.017676,28.959521],[94.013281,28.90752],[93.973633,28.860791],[93.902246,28.803223],[93.760742,28.729785],[93.664941,28.690234],[93.360547,28.654053],[93.251953,28.629492],[93.206543,28.59082],[93.157813,28.492725],[93.119238,28.402295],[93.034961,28.327637],[92.881836,28.228125],[92.701855,28.147119],[92.652539,28.093359],[92.643457,28.061523],[92.665625,28.049854],[92.6875,28.025732],[92.687793,27.988965],[92.664355,27.948926],[92.54668,27.879199],[92.480664,27.845947],[92.414844,27.824609],[92.341016,27.820752],[92.270117,27.830225],[92.250488,27.841504],[92.222266,27.826953],[92.157617,27.812256],[92.10127,27.807617],[91.977637,27.730371],[91.909375,27.729687],[91.824707,27.746436],[91.712598,27.759814],[91.631934,27.759961],[91.629395,27.800879],[91.641895,27.923242],[91.605566,27.951709],[91.493359,27.981787],[91.367578,28.021631],[91.306836,28.064014],[91.273047,28.078369],[91.225879,28.07124],[91.149902,28.026758],[91.077734,27.974463],[91.020801,27.970068],[90.9625,27.99458],[90.906641,28.026514],[90.715723,28.071729],[90.630078,28.078564],[90.477344,28.07085],[90.352734,28.080225],[90.333105,28.093994],[90.333789,28.119141],[90.352148,28.168164],[90.362988,28.216504],[90.348242,28.243945],[90.220801,28.277734],[90.104492,28.302051],[89.981055,28.311182],[89.897852,28.294141],[89.816895,28.256299],[89.749805,28.188184],[89.652734,28.158301],[89.536914,28.107422],[89.480664,28.059961],[89.395898,27.958154],[89.272656,27.833154],[89.160449,27.711279],[89.102344,27.592578],[89.025488,27.517871],[88.947559,27.464014],[88.891406,27.316064],[88.83252,27.362842],[88.764844,27.429883],[88.749023,27.521875],[88.829883,27.767383],[88.848828,27.868652],[88.828613,27.907275],[88.803711,28.006934],[88.75625,28.039697],[88.621094,28.091846],[88.57793,28.093359],[88.531641,28.057373],[88.486133,28.034473],[88.425977,28.01167],[88.275195,27.968848],[88.141113,27.948926],[88.108984,27.933008],[88.098926,27.904541],[88.109766,27.870605],[88.02334,27.883398],[87.933398,27.89082],[87.860742,27.886084],[87.682715,27.821387],[87.622559,27.815186],[87.555273,27.821826],[87.46416,27.823828],[87.290723,27.821924],[87.141406,27.83833],[87.020117,27.928662],[86.933789,27.968457],[86.842383,27.99917],[86.750391,28.02207],[86.719629,28.070654],[86.690527,28.094922],[86.614453,28.103027],[86.554492,28.085205],[86.516895,27.963525],[86.484961,27.939551],[86.408691,27.928662],[86.328613,27.959521],[86.217969,28.02207],[86.174219,28.091699],[86.137012,28.114355],[86.078711,28.083594],[86.075488,27.99458],[86.06416,27.934717],[85.994531,27.9104],[85.954102,27.928223],[85.92168,27.989697],[85.840234,28.135352],[85.759473,28.220654],[85.67832,28.277441],[85.410645,28.276025],[85.212109,28.292627],[85.122461,28.315967],[85.088574,28.372266],[85.121484,28.484277],[85.160156,28.571875],[85.159082,28.592236],[85.126367,28.602637],[85.069141,28.609668],[84.855078,28.553613],[84.796875,28.560205],[84.759375,28.579248],[84.714258,28.595557],[84.676758,28.621533],[84.650586,28.65957],[84.46543,28.75293],[84.410742,28.803906],[84.312109,28.868115],[84.228711,28.911768],[84.175586,29.036377],[84.127832,29.156299],[84.101367,29.219971],[84.021973,29.253857],[83.935938,29.279492],[83.79043,29.227441],[83.671094,29.187598],[83.583496,29.183594],[83.456641,29.306348],[83.355176,29.43916],[83.235156,29.55459],[83.155469,29.612646],[83.013965,29.618066],[82.854297,29.683398],[82.64082,29.831201],[82.486523,29.941504],[82.220703,30.063867],[82.158984,30.115186],[82.135352,30.158984],[82.098926,30.245068],[82.043359,30.326758],[81.854883,30.362402],[81.641895,30.3875],[81.417188,30.337598],[81.255078,30.093311],[81.177148,30.039893],[81.110352,30.036816],[81.055566,30.098975],[81.010254,30.164502],[80.985449,30.237109],[80.873535,30.290576],[80.746777,30.3604],[80.682129,30.414844],[80.608887,30.448877],[80.541016,30.463525],[80.40957,30.509473],[80.260938,30.561328],[80.191211,30.568408],[80.18623,30.605322],[80.207129,30.68374],[80.194336,30.759229],[80.149414,30.789844],[80.081445,30.781934],[79.924512,30.88877],[79.918555,30.889893],[79.916602,30.894189],[79.871875,30.924609],[79.794629,30.968262],[79.664258,30.965234],[79.56543,30.949072],[79.493164,30.993701],[79.388477,31.064209],[79.369629,31.079932],[79.33877,31.105713],[79.232617,31.241748],[79.107129,31.402637],[79.04375,31.426221],[79.011133,31.414111],[78.973926,31.328613],[78.945996,31.337207],[78.899512,31.331348],[78.844531,31.301514],[78.791602,31.293652],[78.757812,31.30249],[78.743555,31.323779],[78.758594,31.436572],[78.726758,31.471826],[78.755078,31.550293],[78.80293,31.618066],[78.753906,31.668359],[78.693457,31.740381],[78.687012,31.805518],[78.719727,31.887646],[78.735449,31.957959],[78.725586,31.983789],[78.677734,32.023047],[78.495898,32.215771],[78.486133,32.23623],[78.455273,32.300342],[78.441309,32.397363],[78.41748,32.466699],[78.389648,32.519873],[78.391699,32.544727],[78.4125,32.557715],[78.526367,32.570801],[78.631543,32.578955],[78.700879,32.597021],[78.736719,32.558398],[78.753516,32.499268],[78.771289,32.468066],[78.837891,32.411963],[78.918945,32.358203],[78.997656,32.365137],[79.066992,32.388184],[79.127344,32.475781],[79.169922,32.497217],[79.219336,32.501074],[79.219043,32.507568],[79.216504,32.564014],[79.233887,32.703076],[79.22793,32.758789],[79.205566,32.809033],[79.20957,32.864844],[79.202246,32.946045],[79.145508,33.001465],[79.108594,33.022656],[79.102832,33.052539],[79.12168,33.108105],[79.135156,33.171924],[79.1125,33.22627],[79.066504,33.250391],[79.012598,33.291455],[78.948438,33.346533],[78.916699,33.386768],[78.865039,33.431104],[78.801855,33.499707],[78.789941,33.650342],[78.783789,33.808789],[78.761719,33.887598],[78.72666,34.013379],[78.731738,34.055566],[78.753027,34.087695],[78.931738,34.188965],[78.970605,34.228223],[78.976953,34.258105],[78.970117,34.302637],[78.936426,34.351953],[78.864844,34.390332],[78.763086,34.45293],[78.670801,34.518164],[78.515723,34.557959],[78.326953,34.606396],[78.282031,34.653906],[78.236133,34.769824],[78.158496,34.946484],[78.075781,35.134912],[78.012207,35.251025],[78.00918,35.306934],[78.047461,35.449414],[78.042676,35.479785],[78.009473,35.490234],[77.945898,35.471631],[77.894922,35.449023],[77.851562,35.460791],[77.810938,35.484521],[77.802539,35.492773],[77.799414,35.495898],[77.724023,35.480566],[77.572559,35.471826],[77.52002,35.473437],[77.446484,35.475586],[77.294824,35.508154],[77.090039,35.552051],[76.878906,35.613281],[76.766895,35.661719],[76.727539,35.678662],[76.631836,35.729395],[76.563477,35.772998],[76.55127,35.887061],[76.502051,35.878223],[76.385742,35.837158],[76.25166,35.810937],[76.177832,35.810547],[76.147852,35.829004],[76.10332,35.949219],[76.070898,35.983008],[76.010449,35.996338],[75.945117,36.017578],[75.912305,36.048975],[75.904883,36.088477],[75.934082,36.133936],[75.968652,36.168848],[75.974414,36.382422],[75.951855,36.458105],[75.933008,36.521582],[75.884961,36.600732],[75.840234,36.649707],[75.772168,36.694922],[75.667188,36.741992],[75.57373,36.759326],[75.460254,36.725049],[75.424219,36.738232],[75.376855,36.883691],[75.34668,36.913477],[75.145215,36.973242],[75.053906,36.987158],[74.949121,36.968359],[74.889258,36.952441],[74.841211,36.979102],[74.766016,37.012744],[74.692188,37.035742],[74.600586,37.03667],[74.541406,37.022168],[74.526465,37.030664],[74.497949,37.057227],[74.376172,37.137354],[74.372168,37.157715],[74.558984,37.236621],[74.668945,37.266699],[74.72666,37.290723],[74.738965,37.285645],[74.767383,37.24917],[74.840234,37.225049],[74.891309,37.231641],[74.918164,37.25],[75.008398,37.293555],[75.079004,37.344043],[75.11875,37.385693],[75.097461,37.45127],[74.986426,37.530371],[74.91582,37.572803],[74.894238,37.601416],[74.912305,37.687305],[74.938281,37.77251],[74.921289,37.80498],[74.900293,37.832715],[74.89082,37.925781],[74.84248,38.038086],[74.789648,38.103613],[74.775098,38.191895],[74.77207,38.274756],[74.835938,38.404297],[74.812305,38.460303],[74.74502,38.51001],[74.514063,38.6],[74.277441,38.659766],[74.187305,38.65752],[74.131348,38.661182],[74.065332,38.608496],[74.025586,38.539844],[73.97002,38.533691],[73.869141,38.562891],[73.80166,38.606885],[73.754102,38.698926],[73.716797,38.817236],[73.696094,38.854297],[73.706836,38.88623],[73.72998,38.914697],[73.794531,38.941309],[73.805273,38.968652],[73.795605,39.002148],[73.74375,39.044531],[73.69043,39.104541],[73.607324,39.229199],[73.623145,39.297852],[73.636328,39.39668],[73.631641,39.448877],[73.715723,39.462256],[73.822949,39.488965],[73.872754,39.533301],[73.907129,39.578516],[73.914648,39.606494],[73.88252,39.714551],[73.839746,39.762842],[73.835352,39.800146],[73.85625,39.828662],[73.88457,39.87793],[73.93877,39.978809],[73.991602,40.043115],[74.020508,40.059375],[74.085156,40.074316],[74.242676,40.092041],[74.411914,40.137207],[74.613086,40.272168],[74.679883,40.310596],[74.767773,40.329883],[74.830469,40.328516],[74.841797,40.344971],[74.80127,40.428516],[74.811133,40.458789],[74.835156,40.482617],[74.865625,40.493506],[75.004492,40.449512],[75.111328,40.454102],[75.241016,40.480273],[75.520801,40.627539],[75.555566,40.625195],[75.583496,40.605322],[75.617383,40.516602],[75.655957,40.329248],[75.677148,40.305811],[75.871973,40.303223],[76.004297,40.371436],[76.062305,40.387549],[76.156641,40.376465],[76.206055,40.408398],[76.258301,40.430762],[76.318555,40.352246],[76.396387,40.389795],[76.480176,40.449512],[76.520898,40.51123],[76.57793,40.577881],[76.622168,40.662354],[76.639844,40.742236],[76.661133,40.779639],[76.708398,40.818115],[76.824023,40.982324],[76.907715,41.02417],[76.986621,41.03916],[77.182031,41.010742],[77.283984,41.014355],[77.581738,40.992773],[77.719336,41.024316],[77.815234,41.055615],[77.956445,41.050684],[78.123438,41.075635],[78.346289,41.281445],[78.348828,41.325195],[78.362402,41.371631],[78.442871,41.417529],[78.543164,41.45957],[78.742578,41.560059],[79.148438,41.719141],[79.293555,41.782812],[79.354395,41.781055],[79.503906,41.820996],[79.766113,41.898877],[79.84043,41.995752],[79.909668,42.01499],[80.216211,42.032422],[80.235156,42.043457],[80.246191,42.059814],[80.229199,42.129834],[80.209375,42.190039],[80.233008,42.207812],[80.259082,42.2354],[80.255078,42.27417],[80.205762,42.399414],[80.179297,42.518359],[80.161914,42.625537],[80.165039,42.665527],[80.202246,42.734473],[80.250293,42.797266],[80.424023,42.855762],[80.538965,42.873486],[80.54375,42.911719],[80.450684,42.935547],[80.383398,42.973779],[80.371289,42.995605],[80.374512,43.02041],[80.390234,43.043115],[80.507031,43.085791],[80.616992,43.128271],[80.751172,43.10249],[80.777734,43.118945],[80.785742,43.161572],[80.757031,43.204346],[80.729785,43.274268],[80.667773,43.310059],[80.66543,43.352979],[80.703809,43.427051],[80.650781,43.56416],[80.593457,43.685107],[80.495996,43.89209],[80.431543,43.951758],[80.395801,44.047168],[80.355273,44.097266],[80.358984,44.171289],[80.365332,44.223291],[80.354883,44.326514],[80.336328,44.438379],[80.355078,44.552002],[80.391016,44.626807],[80.381445,44.65542],[80.400586,44.676904],[80.455469,44.684082],[80.481543,44.714648],[80.455469,44.746094],[80.36084,44.770312],[80.255078,44.808105],[80.127832,44.80376],[79.997168,44.797217],[79.932129,44.825195],[79.875293,44.86084],[79.871875,44.883789],[79.950195,44.944092],[80.05918,45.006445],[80.228223,45.033984],[80.414941,45.075098],[80.50918,45.10498],[80.634766,45.126514],[80.780078,45.135547],[80.85332,45.129297],[81.040332,45.169141],[81.334766,45.246191],[81.602051,45.31084],[81.691992,45.349365],[81.758887,45.31084],[81.789648,45.226025],[81.86748,45.18208],[81.944922,45.16084],[81.989258,45.161865],[82.122754,45.194873],[82.266602,45.219092],[82.323438,45.205859],[82.39668,45.162451],[82.478711,45.123584],[82.521484,45.125488],[82.558984,45.15542],[82.596973,45.215967],[82.621094,45.293115],[82.625781,45.374414],[82.611621,45.424268],[82.58252,45.442578],[82.45166,45.471973],[82.32666,45.519922],[82.312207,45.563721],[82.315234,45.594922],[82.348145,45.671533],[82.429688,45.811914],[82.511719,46.005811],[82.555078,46.158691],[82.692187,46.38667],[82.8,46.624463],[82.974902,46.966016],[83.004102,47.033496],[83.020117,47.141455],[83.029492,47.185937],[83.090332,47.209375],[83.193066,47.186572],[83.443555,47.108643],[83.634082,47.043213],[83.713965,47.021045],[83.832617,46.997852],[84.016016,46.970508],[84.12207,46.978613],[84.215137,46.994727],[84.338867,46.996143],[84.532422,46.975781],[84.592285,46.974951],[84.666602,46.972363],[84.719531,46.939355],[84.745996,46.864355],[84.786133,46.830713],[84.858203,46.843164],[85.012207,46.909229],[85.110547,46.96123],[85.233496,47.036377],[85.355371,47.046729],[85.484766,47.063525],[85.529688,47.100781],[85.577246,47.188477],[85.656641,47.254639],[85.669824,47.338379],[85.641797,47.397412],[85.586621,47.493652],[85.588281,47.558496],[85.561621,47.746484],[85.525977,47.915625],[85.562305,48.051855],[85.626367,48.204004],[85.651563,48.250537],[85.692187,48.311816],[85.749414,48.385059],[85.829883,48.408057],[86.056152,48.42373],[86.265625,48.454541],[86.372559,48.48623],[86.483301,48.505371],[86.549414,48.528613],[86.66377,48.635547],[86.717969,48.697168],[86.757812,48.860742],[86.728613,48.939355],[86.753125,49.008838],[86.808301,49.049707],[86.885938,49.090576],[86.937988,49.097559],[87.048535,49.109912],[87.22998,49.105859],[87.322852,49.085791],[87.416699,49.076611],[87.476172,49.091455],[87.51582,49.122412],[87.576563,49.132373],[87.668359,49.147217],[87.7625,49.16582],[87.814258,49.162305],[87.825195,49.116309],[87.816309,49.080273],[87.834668,49.031934],[87.872168,49.000146],[87.859863,48.965527],[87.806836,48.945508],[87.754687,48.918555],[87.743164,48.881641],[87.80918,48.835742],[87.831836,48.79165],[87.942187,48.765283],[88.02793,48.735596],[88.060059,48.707178],[88.050195,48.675049],[88.010645,48.64043],[87.972266,48.60332],[87.967383,48.581055],[87.979688,48.555127],[88.062598,48.537842],[88.158203,48.509082],[88.309961,48.47207],[88.413965,48.403418],[88.51709,48.384473],[88.566797,48.317432],[88.575977,48.220166],[88.681836,48.170557],[88.838281,48.101709],[88.917773,48.089014],[88.971094,48.049951],[89.047656,48.002539],[89.115625,47.987695],[89.196289,47.980908],[89.329883,48.024854],[89.479199,48.029053],[89.560938,48.003955],[89.638477,47.909082],[89.693164,47.87915],[89.725586,47.85249],[89.778125,47.827002],[89.831348,47.823291],[89.910449,47.844336],[89.958691,47.886328],[90.02793,47.877686],[90.053906,47.850488],[90.066602,47.803564],[90.103223,47.74541],[90.191016,47.7021],[90.313281,47.676172],[90.330664,47.655176],[90.347461,47.596973],[90.380664,47.556641],[90.425195,47.504102],[90.46748,47.408154],[90.476465,47.328809],[90.496191,47.285156],[90.55293,47.214014],[90.643359,47.100293],[90.715527,47.003857],[90.799023,46.985156],[90.869922,46.954492],[90.910547,46.883252],[90.985742,46.749023],[90.997852,46.661084],[91.004297,46.595752],[91.028906,46.566064],[91.033887,46.529004],[90.971484,46.387988],[90.918262,46.324268],[90.911523,46.270654],[90.947559,46.177295],[90.996777,46.10498],[91.001758,46.035791],[90.959766,45.985059],[90.887109,45.921631],[90.852441,45.8854],[90.795898,45.853516],[90.709668,45.730811],[90.670703,45.595166],[90.661816,45.525244],[90.694434,45.474658],[90.749609,45.418945],[90.763184,45.370654],[90.853223,45.262891],[90.877246,45.196094],[90.913965,45.193945],[90.953613,45.215918],[91.05,45.217432],[91.137695,45.193945],[91.221777,45.144531],[91.312109,45.118115],[91.441016,45.124756],[91.510059,45.098242],[91.584375,45.076514],[91.737793,45.068945],[91.852832,45.069336],[92.029785,45.068506],[92.172656,45.035254],[92.423828,45.008936],[92.578906,45.010986],[92.787891,45.035742],[92.916016,45.020166],[93.294336,44.983154],[93.516211,44.944482],[93.656445,44.900977],[93.755273,44.831934],[93.868164,44.724219],[93.95791,44.674951],[94.199316,44.645166],[94.364746,44.519482],[94.494336,44.47251],[94.712012,44.35083],[94.866016,44.30332],[95.049805,44.259424],[95.350293,44.278076],[95.366797,44.261523],[95.343652,44.19541],[95.325586,44.104883],[95.325586,44.039355],[95.356445,44.005957],[95.471289,43.986182],[95.525586,43.953955],[95.567187,43.892236],[95.591211,43.853613],[95.687305,43.664062],[95.841992,43.383691],[95.85957,43.275977],[95.9125,43.206494],[96.080273,43.096143],[96.168457,43.014502],[96.299512,42.928711],[96.34248,42.849316],[96.352344,42.746777],[96.385449,42.720361],[96.625293,42.743848],[96.833008,42.760254],[97.205664,42.789795],[97.718945,42.736279],[98.248242,42.684521],[98.716309,42.638721],[98.946875,42.616211],[99.467871,42.568213],[99.757422,42.629443],[99.983789,42.677344],[100.086328,42.670752],[100.519043,42.616797],[100.772559,42.587793],[101.091992,42.551318],[101.31377,42.537891],[101.495313,42.53877],[101.579102,42.523535],[101.659961,42.500049],[101.713867,42.46582],[101.879883,42.292334],[101.972949,42.215869],[102.156641,42.158105],[102.575195,42.09209],[102.806836,42.052002],[103.072852,42.005957],[103.247852,41.936572],[103.449707,41.855859],[103.711133,41.751318],[103.997266,41.796973],[104.305176,41.846143],[104.498242,41.877002],[104.498242,41.658691],[104.773633,41.641162],[104.860352,41.64375],[104.982031,41.595508],[105.050586,41.615918],[105.11543,41.663281],[105.19707,41.738037],[105.314355,41.770898],[105.51709,41.854736],[105.566406,41.875098],[105.867578,41.993994],[106.317187,42.140576],[106.51875,42.211572],[106.579102,42.227344],[106.693164,42.263574],[106.77002,42.288721],[106.906055,42.308887],[107.090723,42.321533],[107.292383,42.349268],[107.74873,42.400977],[107.805957,42.405859],[108.062305,42.427197],[108.171191,42.447314],[108.333984,42.436768],[108.546484,42.429297],[108.687305,42.416113],[108.874512,42.426465],[109.131641,42.440576],[109.339844,42.438379],[109.443164,42.455957],[109.595508,42.510547],[109.698047,42.553809],[109.858789,42.60625],[110.058008,42.660596],[110.196875,42.71001],[110.288867,42.742725],[110.400391,42.773682],[110.42959,42.813574],[110.461719,42.844141],[110.520898,42.895264],[110.627539,42.990527],[110.708594,43.073877],[110.748535,43.110791],[110.839551,43.194092],[110.913281,43.256885],[111.007227,43.341406],[111.086523,43.36875],[111.186816,43.391992],[111.451074,43.474902],[111.503516,43.492773],[111.547363,43.496289],[111.64082,43.563184],[111.719727,43.621143],[111.771094,43.6646],[111.878125,43.680176],[111.933203,43.711426],[111.942871,43.752441],[111.931738,43.814941],[111.880273,43.878906],[111.836914,43.934668],[111.683789,44.041113],[111.602637,44.107129],[111.519727,44.191895],[111.48623,44.271631],[111.42959,44.322363],[111.402246,44.367285],[111.410937,44.419189],[111.489453,44.511572],[111.514746,44.569824],[111.547461,44.6729],[111.621289,44.827148],[111.681445,44.89917],[111.751074,44.969531],[111.898047,45.064062],[112.032617,45.081641],[112.112891,45.062939],[112.29209,45.063037],[112.411328,45.058203],[112.499316,45.010937],[112.596777,44.917676],[112.706738,44.883447],[113.049414,44.810352],[113.196094,44.794824],[113.300977,44.79165],[113.455664,44.767432],[113.50791,44.762354],[113.587012,44.745703],[113.652637,44.763477],[113.752148,44.825928],[113.877051,44.896191],[113.930859,44.912305],[114.030273,44.942578],[114.080273,44.971143],[114.167383,45.049854],[114.281055,45.110889],[114.419141,45.202588],[114.487305,45.271729],[114.502246,45.316309],[114.517188,45.3646],[114.560156,45.38999],[114.644336,45.413281],[114.73877,45.419629],[114.919238,45.378271],[115.162598,45.390234],[115.21748,45.396191],[115.439453,45.419971],[115.539453,45.439502],[115.681055,45.458252],[115.78916,45.534814],[115.93418,45.626172],[116.039551,45.676953],[116.109863,45.686719],[116.197656,45.739355],[116.240625,45.795996],[116.229102,45.845752],[116.212988,45.886914],[116.264551,45.963037],[116.357617,46.096582],[116.444824,46.158789],[116.516699,46.209082],[116.562598,46.289795],[116.619336,46.313086],[116.688867,46.321973],[116.787012,46.37666],[116.859082,46.387939],[116.978809,46.361768],[117.155957,46.355078],[117.269043,46.352246],[117.333398,46.362012],[117.356934,46.391309],[117.356348,46.43667],[117.392188,46.537598],[117.405566,46.570898],[117.438086,46.58623],[117.546875,46.588281],[117.620508,46.552002],[117.671094,46.52207],[117.741211,46.518164],[117.813477,46.537695],[117.910449,46.619336],[118.071289,46.666602],[118.156836,46.678564],[118.308691,46.717041],[118.404395,46.703174],[118.580469,46.691895],[118.64873,46.70166],[118.722949,46.691895],[118.790332,46.74707],[118.843945,46.760205],[118.957129,46.734863],[119.028516,46.692187],[119.162109,46.638672],[119.331836,46.613818],[119.474023,46.62666],[119.620215,46.603955],[119.706641,46.606006],[119.747461,46.627197],[119.867188,46.672168],[119.895898,46.732861],[119.88418,46.791455],[119.897852,46.857812],[119.862695,46.906592],[119.788477,46.978809],[119.759863,47.027002],[119.757227,47.090039],[119.711133,47.15],[119.600195,47.222461],[119.526953,47.255908],[119.37666,47.380859],[119.325977,47.410156],[119.308594,47.430713],[119.29082,47.472656],[119.235254,47.492578],[119.162402,47.525195],[119.122949,47.558496],[119.097266,47.61626],[119.081934,47.65415],[119.017578,47.685352],[118.953125,47.70293],[118.880273,47.725098],[118.759961,47.757617],[118.690527,47.822266],[118.567773,47.943262],[118.498438,47.983984],[118.239648,47.999512],[118.14707,48.028906],[118.041895,48.018945],[117.979199,47.999609],[117.84043,47.999854],[117.768359,47.987891],[117.67666,47.908301],[117.555371,47.804688],[117.455078,47.741357],[117.383984,47.675732],[117.350781,47.652197],[117.285937,47.666357],[117.19707,47.740283],[117.069727,47.806396],[116.95166,47.836572],[116.901172,47.853076],[116.760547,47.869775],[116.651953,47.864502],[116.513477,47.839551],[116.378223,47.844043],[116.317187,47.859863],[116.231152,47.858203],[116.074805,47.789551],[115.993848,47.711328],[115.898242,47.686914],[115.811719,47.738232],[115.711719,47.798926],[115.616406,47.874805],[115.557617,47.94502],[115.525098,48.130859],[115.639453,48.18623],[115.785547,48.248242],[115.796582,48.346338],[115.791699,48.455713],[115.820508,48.577246],[115.953809,48.689355],[116.025488,48.782275],[116.034375,48.840039],[116.098242,48.936133],[116.159668,49.037451],[116.243359,49.170361],[116.402148,49.406201],[116.589746,49.684814],[116.683301,49.823779],[116.888965,49.737793],[117.02168,49.692969],[117.245605,49.624854],[117.477148,49.609424],[117.698438,49.53584],[117.812598,49.513525],[117.873438,49.513477],[118.186621,49.692773],[118.451563,49.844482],[118.755957,49.962842],[118.979492,49.978857],[119.147461,50.013379],[119.259863,50.066406],[119.326074,50.154932],[119.346289,50.278955],[119.301562,50.353906],[119.191895,50.379834],[119.163672,50.406006],[119.216699,50.43252],[119.255859,50.48418],[119.280664,50.560986],[119.344043,50.633887],[119.445703,50.702832],[119.501758,50.779248],[119.512305,50.863135],[119.573438,50.946777],[119.684961,51.030127],[119.745996,51.107715],[119.756641,51.179492],[119.813184,51.267041],[119.966992,51.422119],[120.066895,51.600684],[120.237012,51.722998],[120.510547,51.848535],[120.681445,51.973047],[120.749805,52.096533],[120.744531,52.205469],[120.66543,52.299902],[120.650391,52.395898],[120.699219,52.493604],[120.656152,52.56665],[120.521094,52.615039],[120.360059,52.627002],[120.172754,52.60249],[120.067578,52.63291],[120.044336,52.718213],[120.094531,52.787207],[120.218164,52.839893],[120.421289,52.968066],[120.704102,53.171826],[120.985449,53.28457],[121.405469,53.317041],[121.743945,53.383594],[122.088867,53.451465],[122.337793,53.48501],[122.380176,53.4625],[122.51582,53.456982],[122.744727,53.468506],[122.957617,53.497705],[123.154102,53.54458],[123.30957,53.555615],[123.424023,53.530762],[123.489453,53.529443],[123.534766,53.526465],[123.559766,53.52666],[123.607813,53.546533],[123.740918,53.510986],[123.994727,53.405615],[124.154297,53.358691],[124.219922,53.370117],[124.291406,53.340869],[124.369141,53.270947],[124.465918,53.229639],[124.639844,53.210645],[124.812305,53.133838],[124.882129,53.129736],[124.906641,53.172656],[124.970898,53.197314],[125.075,53.203662],[125.225586,53.16582],[125.422461,53.08374],[125.545996,53.047607],[125.595996,53.057471],[125.649023,53.042285],[125.691699,53.003711],[125.695312,52.956299],[125.680762,52.930811],[125.728125,52.890723],[125.782813,52.890723],[125.871875,52.871533],[125.941602,52.800684],[126.004297,52.767871],[126.048145,52.739453],[126.056055,52.715869],[126.060156,52.691992],[126.04707,52.673486],[126.023242,52.643018],[126.016016,52.610205],[126.045898,52.57334],[126.156641,52.546631],[126.194434,52.519141],[126.20293,52.483838],[126.237598,52.444824],[126.312891,52.399756],[126.341699,52.362012],[126.324219,52.331641],[126.346289,52.30625],[126.383496,52.286523],[126.391504,52.214502],[126.394824,52.172998],[126.455566,52.126465],[126.468066,52.031299],[126.510547,51.92583],[126.653711,51.781299],[126.700781,51.703027],[126.688672,51.609912],[126.70918,51.566309],[126.774512,51.545068],[126.805469,51.505664],[126.801758,51.448047],[126.827344,51.412256],[126.847754,51.37417],[126.833789,51.314893],[126.854395,51.261377],[126.887695,51.230127],[126.911523,51.172314],[126.924805,51.100146],[127.02041,50.985889],[127.198242,50.829443],[127.307031,50.707959],[127.346875,50.621338],[127.347168,50.550098],[127.308203,50.494189],[127.306055,50.453516],[127.34082,50.428076],[127.351172,50.393604],[127.337207,50.350146],[127.395313,50.298584],[127.590234,50.208984],[127.512305,50.07168],[127.491797,49.975049],[127.502441,49.873437],[127.550781,49.801807],[127.636719,49.760205],[127.690137,49.716748],[127.711133,49.671533],[127.814258,49.622119],[127.999609,49.568604],[128.237109,49.559277],[128.526758,49.594238],[128.704004,49.600146],[128.769043,49.576953],[128.791016,49.541846],[128.770313,49.494727],[128.819336,49.46377],[128.938281,49.448926],[129.020313,49.419238],[129.065137,49.374658],[129.120117,49.362061],[129.185156,49.381396],[129.248438,49.378662],[129.309863,49.353857],[129.350098,49.362354],[129.384668,49.389453],[129.440723,49.389453],[129.498145,49.388818],[129.533691,49.323437],[129.591406,49.28667],[129.671094,49.278516],[129.792578,49.198877],[130.037109,48.972266],[130.195996,48.89165],[130.355273,48.866357],[130.553125,48.861182],[130.617188,48.773193],[130.565625,48.680127],[130.552148,48.60249],[130.597266,48.574658],[130.65918,48.483398],[130.746875,48.430371],[130.763477,48.388428],[130.804297,48.341504],[130.787207,48.25459],[130.712109,48.127637],[130.732617,48.019238],[130.848633,47.929443],[130.91543,47.84292],[130.932813,47.759814],[130.961914,47.709326],[131.002734,47.691455],[131.121875,47.697656],[131.319336,47.727832],[131.464258,47.722607],[131.556738,47.682031],[131.785254,47.680518],[132.149805,47.717969],[132.380176,47.729492],[132.47627,47.71499],[132.561914,47.768506],[132.636914,47.890088],[132.707227,47.947266],[132.772852,47.940088],[132.877148,47.979102],[133.020117,48.064404],[133.144043,48.105664],[133.301172,48.101514],[133.468359,48.097168],[133.573242,48.133008],[133.671777,48.207715],[133.842188,48.27373],[134.205859,48.359912],[134.293359,48.373437],[134.334961,48.368848],[134.456152,48.355322],[134.563574,48.321729],[134.665234,48.253906],[134.680859,48.210449],[134.669336,48.15332],[134.647266,48.120166],[134.605371,48.08291],[134.566016,48.02251],[134.591309,47.975195],[134.650293,47.874268],[134.698633,47.801416],[134.752344,47.71543],[134.728125,47.684473],[134.695801,47.624854],[134.596191,47.523877],[134.541895,47.485156],[134.483496,47.447363],[134.38252,47.438232],[134.339453,47.429492],[134.29082,47.413574],[134.260059,47.377734],[134.225195,47.352637],[134.167676,47.302197],[134.162988,47.25874],[134.189258,47.194238],[134.202148,47.128076],[134.136914,47.068994],[134.086426,46.978125],[134.071387,46.950781],[134.045996,46.881982],[134.038574,46.858154],[134.022656,46.713184],[133.95752,46.614258],[133.866602,46.499121],[133.886719,46.430566],[133.902734,46.366943],[133.880273,46.336035],[133.874805,46.309082],[133.861328,46.247754],[133.832813,46.224268],[133.750195,46.185937],[133.700684,46.139746],[133.711133,46.069629],[133.685742,46.008936],[133.647852,45.955225],[133.608008,45.920312],[133.551172,45.897803],[133.513086,45.878809],[133.484668,45.810449],[133.475781,45.757666],[133.449121,45.705078],[133.465625,45.651221],[133.436426,45.604687],[133.355469,45.572217],[133.30957,45.553076],[133.266992,45.545264],[133.186035,45.494824],[133.113379,45.321436],[133.096875,45.220459],[133.113477,45.130713],[133.011719,45.074561],[132.936035,45.029932],[132.88877,45.046045],[132.838672,45.061133],[132.723145,45.080566],[132.665625,45.093701],[132.549023,45.122803],[132.362988,45.159961],[132.181348,45.203271],[132.067383,45.225977],[131.977539,45.243994],[131.909277,45.27373],[131.851855,45.326855],[131.794922,45.305273],[131.74209,45.242627],[131.654004,45.205371],[131.613965,45.136572],[131.578711,45.083643],[131.4875,45.013135],[131.446875,44.984033],[131.268262,44.936133],[131.22793,44.920166],[131.082324,44.91001],[131.033008,44.888867],[130.981641,44.844336],[130.967773,44.799951],[131.003906,44.753223],[131.060645,44.659668],[131.086914,44.595654],[131.125781,44.469189],[131.255273,44.071582],[131.213281,44.00293],[131.174219,43.704736],[131.183594,43.650879],[131.180078,43.56709],[131.182422,43.505566],[131.20918,43.49043],[131.243945,43.469043],[131.261816,43.433057],[131.257324,43.378076],[131.239355,43.337646],[131.211914,43.257764],[131.175586,43.142187],[131.135547,43.097607],[131.108984,43.062451],[131.086133,43.038086],[131.083496,42.956299],[131.068555,42.902246],[131.005566,42.883105],[130.942871,42.851758],[130.868555,42.86333],[130.80332,42.856836],[130.722461,42.83584],[130.577246,42.811621],[130.492969,42.779102],[130.452734,42.75542],[130.424805,42.727051],[130.419922,42.699854],[130.439258,42.685547],[130.520605,42.674316],[130.576563,42.623242],[130.584473,42.567334],[130.526953,42.5354],[130.498242,42.570508],[130.450293,42.581689],[130.360742,42.630859],[130.295605,42.684961],[130.24668,42.744824],[130.248828,42.872607],[130.240332,42.891797],[130.15127,42.917969],[130.124805,42.956006],[130.082617,42.97417],[130.022266,42.962598],[129.976953,42.974854],[129.941211,42.995654],[129.898242,42.998145],[129.861035,42.965088],[129.841504,42.894238],[129.779199,42.776562],[129.773438,42.705469],[129.746484,42.603809],[129.719727,42.475],[129.697852,42.448145],[129.62793,42.444287],[129.603906,42.435889],[129.567578,42.39209],[129.52373,42.384668],[129.484863,42.410303],[129.423633,42.435889],[129.36582,42.439209],[129.313672,42.413574],[129.252539,42.357861],[129.217773,42.312695],[129.205371,42.270557],[129.195508,42.218457],[129.133691,42.168506],[129.077246,42.142383],[128.960645,42.068799],[128.923438,42.038232],[128.839844,42.037842],[128.749023,42.040674],[128.626758,42.02085],[128.427246,42.010742],[128.307813,42.025635],[128.160156,42.011621],[128.045215,41.9875],[128.028711,41.951611],[128.03291,41.898486],[128.056055,41.86377],[128.08418,41.840576],[128.131934,41.769141],[128.181738,41.700049],[128.257812,41.655371],[128.289258,41.607422],[128.290918,41.562793],[128.254883,41.506543],[128.200293,41.433008],[128.149414,41.387744],[128.11123,41.389258],[128.052734,41.415625],[128.013086,41.448682],[127.918652,41.461133],[127.687695,41.43999],[127.572168,41.454736],[127.516992,41.481738],[127.420313,41.483789],[127.270801,41.519824],[127.179688,41.531348],[127.136719,41.554541],[127.128418,41.607422],[127.085352,41.643799],[127.061328,41.687354],[127.006934,41.742041],[126.954785,41.769482],[126.903516,41.781055],[126.847266,41.747998],[126.787695,41.718213],[126.743066,41.724854],[126.721582,41.716553],[126.696973,41.691895],[126.60127,41.640967],[126.57832,41.594336],[126.540137,41.495557],[126.513574,41.393994],[126.49043,41.358057],[126.451465,41.351855],[126.411816,41.321338],[126.328711,41.225684],[126.253613,41.137793],[126.144531,41.078271],[126.093164,41.023682],[126.066797,40.974072],[125.989062,40.904639],[125.874902,40.892236],[125.783984,40.872021],[125.72832,40.866699],[125.688281,40.838672],[125.65918,40.795898],[125.645117,40.778955],[125.593848,40.778955],[125.542578,40.742578],[125.416895,40.659912],[125.314453,40.644629],[125.185938,40.589404],[125.072949,40.547461],[125.025977,40.523877],[125.013379,40.497852],[124.996875,40.464746],[124.942285,40.458154],[124.889355,40.459814],[124.771973,40.38374],[124.712402,40.319238],[124.481055,40.181641],[124.386621,40.104248],[124.362109,40.004053],[124.35,40.011572],[124.26748,39.92417],[124.105762,39.841016],[123.760156,39.822412],[123.650879,39.881592],[123.61123,39.84082],[123.580664,39.786133],[123.490039,39.767871],[123.348145,39.762939],[123.268945,39.726904],[123.226562,39.686621],[123.032227,39.673535],[122.960938,39.619922],[122.840039,39.60083],[122.334863,39.366113],[122.225,39.267334],[122.120898,39.151904],[122.047656,39.093799],[121.982324,39.053174],[121.922656,39.036523],[121.864355,38.996484],[121.805176,38.991406],[121.744824,39.009668],[121.677246,39.003418],[121.632812,38.954834],[121.67041,38.891797],[121.649902,38.865088],[121.517188,38.830762],[121.320117,38.808203],[121.236328,38.766943],[121.207422,38.743506],[121.163574,38.731641],[121.12168,38.813281],[121.106738,38.920801],[121.188281,38.94668],[121.263281,38.960254],[121.679883,39.108691],[121.627637,39.220166],[121.664551,39.26875],[121.757812,39.347559],[121.818457,39.386523],[121.785449,39.40083],[121.5125,39.374854],[121.355664,39.376807],[121.275488,39.384766],[121.299805,39.452197],[121.286328,39.519434],[121.26748,39.544678],[121.406445,39.62124],[121.469531,39.640137],[121.517578,39.638965],[121.514258,39.685254],[121.474219,39.754883],[121.517383,39.844824],[121.800977,39.950537],[121.868945,40.046387],[121.982813,40.13584],[122.190918,40.358252],[122.20332,40.396045],[122.263867,40.500195],[122.275,40.541846],[122.178711,40.602734],[122.14043,40.688184],[121.858789,40.84209],[121.834863,40.974268],[121.808594,40.968506],[121.765625,40.875879],[121.729297,40.846143],[121.598926,40.843408],[121.537109,40.878418],[121.174512,40.90127],[121.085938,40.841602],[121.00293,40.749121],[120.922266,40.683105],[120.841309,40.649219],[120.770703,40.589062],[120.479102,40.230957],[120.368945,40.203857],[119.850391,39.987451],[119.591113,39.902637],[119.391113,39.75249],[119.322363,39.661621],[119.261328,39.560889],[119.224609,39.408057],[119.040137,39.222363],[118.976953,39.182568],[118.912305,39.166406],[118.826465,39.172119],[118.752441,39.160498],[118.626367,39.176855],[118.471973,39.118018],[118.297852,39.06709],[118.147852,39.195068],[118.040918,39.226758],[117.865723,39.19126],[117.784668,39.134473],[117.616699,38.852881],[117.553809,38.691455],[117.557813,38.625146],[117.656055,38.424219],[117.766699,38.31167],[118.014941,38.183398],[118.543262,38.094922],[118.66709,38.126367],[118.8,38.12666],[118.940039,38.042773],[119.027539,37.904004],[119.035645,37.80918],[119.038477,37.776514],[119.070312,37.748584],[119.08916,37.700732],[119.033496,37.661035],[118.99082,37.641357],[118.954883,37.494092],[118.952637,37.331152],[118.998145,37.2771],[119.111816,37.201172],[119.287402,37.138281],[119.449902,37.124756],[119.760547,37.155078],[119.8875,37.253369],[119.87998,37.295801],[119.88291,37.35083],[120.155859,37.49502],[120.311523,37.622705],[120.287109,37.656494],[120.257227,37.679004],[120.284668,37.69209],[120.370117,37.701025],[120.75,37.833936],[121.049023,37.725195],[121.219531,37.600146],[121.388086,37.578955],[121.505273,37.515039],[121.640234,37.460352],[121.816406,37.456641],[121.964844,37.445312],[122.010156,37.495752],[122.056641,37.528906],[122.10957,37.522314],[122.169141,37.456152],[122.337695,37.405273],[122.493262,37.407959],[122.602344,37.426416],[122.666992,37.402832],[122.57334,37.31792],[122.587305,37.181104],[122.515527,37.137842],[122.44668,37.068115],[122.487402,37.022266],[122.523438,37.002637],[122.519727,36.946826],[122.457031,36.915137],[122.340918,36.832227],[122.274219,36.833838],[122.242285,36.849854],[122.219727,36.879541],[122.203223,36.927197],[122.162402,36.958643],[122.049512,36.970752],[121.932715,36.959473],[121.669629,36.836377],[121.413086,36.738379],[121.144043,36.660449],[121.053809,36.611377],[120.989941,36.597949],[120.878516,36.635156],[120.81084,36.632812],[120.79668,36.607227],[120.882617,36.538916],[120.90498,36.485303],[120.895801,36.444141],[120.84707,36.426074],[120.776172,36.456299],[120.711523,36.413281],[120.682227,36.340723],[120.680957,36.168359],[120.637891,36.129932],[120.519336,36.108691],[120.393066,36.053857],[120.348242,36.079199],[120.330273,36.110107],[120.343457,36.189453],[120.327734,36.228174],[120.270117,36.226172],[120.183301,36.202441],[120.116992,36.150293],[120.094141,36.118896],[120.181445,36.01748],[120.264746,36.007227],[120.284766,35.984424],[120.219043,35.934912],[120.054688,35.861133],[120.027441,35.799365],[119.978711,35.740234],[119.911719,35.693213],[119.866211,35.643652],[119.810547,35.617725],[119.719727,35.588721],[119.608398,35.469873],[119.526465,35.358594],[119.429688,35.301416],[119.352832,35.113818],[119.21582,35.011768],[119.165332,34.848828],[119.200977,34.748437],[119.351367,34.749414],[119.426758,34.71416],[119.58291,34.582227],[119.769727,34.496191],[119.963672,34.447803],[120.201465,34.325684],[120.266699,34.274023],[120.322656,34.168994],[120.425684,33.866309],[120.499805,33.716455],[120.504785,33.638184],[120.615625,33.490527],[120.734473,33.236621],[120.871094,33.016504],[120.897363,32.843213],[120.853027,32.764111],[120.853223,32.661377],[120.989941,32.567041],[121.293359,32.457324],[121.341699,32.425049],[121.400977,32.371924],[121.403906,32.20625],[121.450781,32.15332],[121.490527,32.121094],[121.674219,32.051025],[121.751074,31.992871],[121.832422,31.899756],[121.856348,31.816455],[121.866309,31.703564],[121.763574,31.699512],[121.680859,31.712158],[121.351953,31.858789],[121.266406,31.862695],[121.145801,31.842334],[120.973535,31.869385],[120.791699,32.031738],[120.660547,32.081055],[120.520117,32.105859],[120.184082,31.966162],[120.09873,31.975977],[120.073926,31.960254],[120.035937,31.936279],[120.191602,31.906348],[120.347461,31.9521],[120.497168,32.019824],[120.715527,31.98374],[120.752246,31.922852],[120.787793,31.819775],[120.9375,31.750195],[121.055371,31.719434],[121.204883,31.628076],[121.350977,31.485352],[121.660645,31.319727],[121.785937,31.162891],[121.834473,31.061621],[121.87793,30.916992],[121.769434,30.870361],[121.675195,30.86377],[121.527539,30.840967],[121.418945,30.789795],[121.309961,30.699707],[120.997656,30.558252],[120.938281,30.469727],[120.897461,30.392627],[120.821484,30.354639],[120.62998,30.390869],[120.449805,30.387842],[120.245508,30.283545],[120.194629,30.241309],[120.228516,30.249561],[120.260547,30.263037],[120.352539,30.247412],[120.494531,30.303076],[120.633398,30.133154],[120.904492,30.160645],[121.159375,30.301758],[121.258008,30.304102],[121.340625,30.282373],[121.432715,30.22666],[121.67793,29.979102],[121.812305,29.952148],[121.944336,29.894092],[122.017285,29.887695],[122.08291,29.870361],[121.905762,29.779687],[121.676562,29.583789],[121.574609,29.537012],[121.50625,29.48457],[121.69043,29.510986],[121.821875,29.604639],[121.887988,29.627783],[121.941211,29.605908],[121.968359,29.490625],[121.917773,29.13501],[121.853516,29.128906],[121.79082,29.225684],[121.71748,29.256348],[121.655957,29.236133],[121.533691,29.236719],[121.487109,29.193164],[121.447656,29.131348],[121.520898,29.118457],[121.664941,29.010596],[121.679688,28.953125],[121.641016,28.915918],[121.540039,28.931885],[121.6625,28.851416],[121.630078,28.76792],[121.590332,28.734814],[121.519141,28.713672],[121.475195,28.641406],[121.538086,28.521094],[121.602051,28.366602],[121.609961,28.292139],[121.509961,28.324268],[121.35459,28.229883],[121.272266,28.222119],[121.216797,28.346191],[121.145703,28.32666],[121.098437,28.290527],[121.035449,28.157275],[120.958594,28.037012],[120.89248,28.003906],[120.812988,28.013379],[120.747656,28.009961],[120.763477,27.977441],[120.833008,27.937793],[120.833008,27.891455],[120.685156,27.74458],[120.661328,27.687891],[120.664844,27.639453],[120.5875,27.580762],[120.629102,27.482129],[120.60752,27.412402],[120.539844,27.318359],[120.468652,27.25625],[120.38457,27.155518],[120.278711,27.09707],[120.138574,26.886133],[120.097461,26.780664],[120.086719,26.671582],[120.042969,26.633838],[119.967773,26.586377],[119.882227,26.610449],[119.879492,26.683008],[119.842383,26.689307],[119.821289,26.736914],[119.815137,26.797607],[119.824219,26.846387],[119.788672,26.831494],[119.766699,26.774707],[119.710449,26.728662],[119.651563,26.747266],[119.588184,26.784961],[119.589941,26.730469],[119.623633,26.675879],[119.638184,26.621191],[119.725977,26.609424],[119.784766,26.546631],[119.831152,26.450195],[119.840332,26.41416],[119.876465,26.370947],[119.881055,26.33418],[119.797266,26.300146],[119.692676,26.236426],[119.56709,26.127344],[119.463086,26.054688],[119.369727,26.054053],[119.313086,26.062549],[119.232129,26.104395],[119.139453,26.121777],[119.26377,25.974805],[119.332031,25.94873],[119.417773,25.954346],[119.500879,26.00918],[119.61875,26.003564],[119.648242,25.918701],[119.616895,25.8229],[119.552832,25.698682],[119.539453,25.59126],[119.619141,25.437451],[119.622461,25.391162],[119.592773,25.368018],[119.499219,25.408643],[119.421777,25.459619],[119.34375,25.446289],[119.263086,25.468018],[119.180078,25.449805],[119.146289,25.414307],[119.169336,25.355713],[119.243555,25.307031],[119.285547,25.232227],[119.235547,25.205957],[119.024609,25.223438],[118.977539,25.209277],[118.914453,25.126807],[118.955664,25.004785],[118.909082,24.928906],[118.82207,24.911133],[118.70752,24.849805],[118.636914,24.835547],[118.640234,24.809082],[118.691797,24.782324],[118.719141,24.746143],[118.657031,24.621436],[118.560352,24.580371],[118.412012,24.600732],[118.295313,24.572754],[118.194531,24.62583],[118.087109,24.627002],[118.013867,24.559912],[118.005957,24.481982],[117.935059,24.474219],[117.896875,24.479834],[117.842676,24.474316],[117.848242,24.432471],[117.879004,24.395898],[118.024219,24.379639],[118.050586,24.327148],[118.056055,24.246094],[117.904102,24.106445],[117.839453,24.012305],[117.741699,24.014795],[117.667871,23.939258],[117.628223,23.836719],[117.579199,23.856982],[117.466406,23.840576],[117.433105,23.791699],[117.45957,23.771484],[117.462207,23.73623],[117.416992,23.620996],[117.367676,23.588623],[117.34668,23.635742],[117.330762,23.708789],[117.29082,23.714355],[117.225,23.647021],[117.148145,23.598779],[117.08252,23.57876],[117.032813,23.623437],[116.910645,23.64668],[116.860938,23.453076],[116.75957,23.38252],[116.712109,23.360498],[116.629395,23.353857],[116.682324,23.327393],[116.698828,23.277783],[116.669141,23.228174],[116.586426,23.218262],[116.538281,23.179688],[116.519824,23.006592],[116.470703,22.945898],[116.345508,22.941064],[116.251855,22.981348],[116.22207,22.949561],[116.206348,22.918652],[116.157422,22.887451],[116.062598,22.879102],[115.852148,22.801563],[115.755859,22.823926],[115.64043,22.853418],[115.561133,22.824707],[115.534668,22.765186],[115.49834,22.718848],[115.38252,22.718848],[115.289941,22.775977],[115.195801,22.817285],[115.091504,22.781689],[115.012109,22.708936],[114.914453,22.684619],[114.896387,22.639502],[114.853809,22.616797],[114.750391,22.626318],[114.711133,22.738721],[114.65166,22.755273],[114.592773,22.698437],[114.571973,22.654053],[114.544434,22.620605],[114.554199,22.528906],[114.496191,22.527051],[114.420117,22.583252],[114.340625,22.593213],[114.266016,22.540967],[114.228223,22.553955],[114.188184,22.56499],[114.122852,22.56499],[114.097852,22.55127],[114.050391,22.542969],[114.018262,22.514453],[114.01543,22.511914],[113.931152,22.531055],[113.82832,22.607227],[113.754492,22.733643],[113.661133,22.80166],[113.619629,22.861426],[113.603418,22.968896],[113.586328,23.02002],[113.592188,23.076953],[113.620508,23.12749],[113.519727,23.1021],[113.445312,23.055078],[113.460352,22.995703],[113.441895,22.940576],[113.331055,22.912012],[113.337793,22.888818],[113.344824,22.8646],[113.432031,22.789404],[113.449805,22.726123],[113.484766,22.692383],[113.553027,22.594043],[113.551465,22.40415],[113.588867,22.350488],[113.576465,22.297266],[113.549121,22.225195],[113.546777,22.224121],[113.527051,22.245947],[113.494141,22.241553],[113.481055,22.21748],[113.478906,22.195557],[113.473437,22.194434],[113.415723,22.178369],[113.367383,22.164844],[113.327734,22.14541],[113.266406,22.08877],[113.149023,22.075],[113.08877,22.207959],[113.008203,22.119336],[112.983789,21.938232],[112.953906,21.907324],[112.903809,21.881445],[112.808594,21.944629],[112.725391,21.902344],[112.660742,21.859473],[112.634082,21.819873],[112.586328,21.776855],[112.494727,21.818311],[112.421289,21.880615],[112.439453,21.927344],[112.429297,21.958105],[112.396094,21.981348],[112.359668,21.978027],[112.377441,21.91748],[112.389746,21.801221],[112.356445,21.767578],[112.30498,21.741699],[112.193359,21.763135],[112.117188,21.806494],[112.025195,21.843018],[111.943945,21.849658],[111.926465,21.77627],[111.873438,21.717139],[111.824609,21.709766],[111.775977,21.719238],[111.711914,21.655225],[111.681641,21.608496],[111.602734,21.559082],[111.392383,21.535107],[111.319141,21.486133],[111.220605,21.493896],[111.144238,21.482227],[111.100586,21.484717],[111.061133,21.510986],[111.016895,21.511719],[110.996777,21.430273],[110.878027,21.395947],[110.771094,21.386523],[110.652148,21.279102],[110.567187,21.214062],[110.504297,21.207422],[110.458008,21.230566],[110.43457,21.326904],[110.410937,21.338135],[110.397461,21.247705],[110.374609,21.172363],[110.331152,21.131348],[110.193555,21.037646],[110.154004,20.944629],[110.180371,20.858594],[110.36543,20.837598],[110.388477,20.790527],[110.370508,20.752051],[110.326172,20.719922],[110.313086,20.67168],[110.511523,20.518262],[110.517578,20.46001],[110.486914,20.426855],[110.449512,20.35542],[110.344727,20.294824],[110.123145,20.263721],[109.938477,20.295117],[109.88252,20.364063],[109.88584,20.413135],[109.931641,20.398877],[109.983887,20.403271],[109.968359,20.448145],[109.946387,20.474365],[109.861035,20.514307],[109.791992,20.621875],[109.805273,20.711475],[109.767383,20.780713],[109.72627,20.83877],[109.684766,20.873633],[109.662598,20.916895],[109.704492,21.052734],[109.68125,21.131641],[109.760156,21.228369],[109.77959,21.337451],[109.921094,21.376465],[109.930762,21.480566],[109.82959,21.483594],[109.759375,21.560059],[109.743359,21.527979],[109.686914,21.524609],[109.594336,21.671973],[109.566406,21.690576],[109.521484,21.693408],[109.544043,21.537939],[109.435547,21.479492],[109.34668,21.453955],[109.22041,21.443408],[109.148633,21.425537],[109.081543,21.440283],[109.098145,21.487354],[109.133496,21.543604],[109.101758,21.590479],[109.030566,21.626514],[108.921777,21.624414],[108.846387,21.634473],[108.77168,21.630469],[108.743945,21.65127],[108.674512,21.724658],[108.61582,21.770459],[108.589355,21.815967],[108.61582,21.868896],[108.59375,21.901025],[108.479883,21.904639],[108.480859,21.828809],[108.492578,21.739404],[108.525684,21.671387],[108.502148,21.633447],[108.444336,21.607324],[108.382812,21.679199],[108.35459,21.696924],[108.324805,21.693506],[108.302148,21.621924],[108.246289,21.558398],[108.145605,21.565186],[108.067383,21.525977],[107.972656,21.507959]]],[[[110.88877,19.991943],[110.938281,19.947559],[110.970703,19.883301],[110.997656,19.764697],[111.013672,19.655469],[110.912695,19.586084],[110.822266,19.55791],[110.640918,19.291211],[110.603125,19.207031],[110.572168,19.171875],[110.5625,19.135156],[110.566016,19.098535],[110.519336,18.970215],[110.477637,18.812598],[110.45127,18.747949],[110.399512,18.69834],[110.333691,18.673291],[110.29082,18.669531],[110.251758,18.655762],[110.15625,18.569824],[110.048535,18.505225],[110.066406,18.475635],[110.067383,18.447559],[110.020215,18.41626],[109.967676,18.42207],[109.815625,18.39668],[109.759766,18.348291],[109.702734,18.259131],[109.681055,18.247119],[109.589551,18.226318],[109.519336,18.218262],[109.400098,18.281104],[109.340918,18.299609],[109.183203,18.325146],[109.029883,18.367773],[108.922266,18.416113],[108.701563,18.535254],[108.676074,18.750244],[108.638086,18.866309],[108.635645,18.907715],[108.65,19.265039],[108.665527,19.304102],[108.693555,19.338281],[108.791016,19.418164],[108.902832,19.481348],[109.062891,19.613574],[109.179102,19.674121],[109.27666,19.761133],[109.219531,19.757471],[109.177441,19.768457],[109.218945,19.842822],[109.263477,19.882666],[109.314844,19.904395],[109.418164,19.888818],[109.513672,19.904248],[109.584277,19.970312],[109.651367,19.984375],[109.90625,19.962744],[110.083008,19.99292],[110.171582,20.053711],[110.213379,20.056055],[110.343945,20.038818],[110.392285,19.975586],[110.387988,20.018018],[110.393555,20.059229],[110.417578,20.054736],[110.588184,19.976367],[110.58877,20.072461],[110.59834,20.097607],[110.651758,20.137744],[110.678516,20.137061],[110.744531,20.059473],[110.809082,20.014404],[110.88877,19.991943]]]]}},{"type":"Feature","properties":{"name":"Cambodia"},"geometry":{"type":"MultiPolygon","coordinates":[[[[103.045117,11.285059],[103.027344,11.275488],[103.010547,11.275781],[102.993359,11.29043],[102.99502,11.348096],[103.00752,11.383301],[103.036816,11.389941],[103.045117,11.285059]]],[[[103.317773,10.718506],[103.28125,10.679688],[103.222949,10.75957],[103.223437,10.781982],[103.317773,10.718506]]],[[[107.519434,14.705078],[107.535254,14.649951],[107.493164,14.545752],[107.448438,14.451221],[107.364453,14.368701],[107.360352,14.307861],[107.331445,14.126611],[107.342578,14.068896],[107.362109,14.019482],[107.389453,13.993018],[107.462305,13.815625],[107.528613,13.654199],[107.593945,13.52168],[107.605469,13.437793],[107.545508,13.225439],[107.475391,13.030371],[107.481543,12.933105],[107.511523,12.835742],[107.543555,12.705908],[107.555469,12.53999],[107.538086,12.431787],[107.506445,12.364551],[107.445996,12.295703],[107.393359,12.260498],[107.330078,12.319043],[107.279688,12.321582],[107.212109,12.304004],[107.158984,12.277051],[107.050684,12.175879],[106.930664,12.07749],[106.764648,12.052344],[106.700098,11.979297],[106.630957,11.969189],[106.499609,11.965527],[106.413867,11.948437],[106.417773,11.911719],[106.410742,11.738379],[106.4125,11.697803],[106.399219,11.687012],[106.339844,11.681836],[106.23916,11.70835],[106.10293,11.75127],[106.006055,11.758008],[105.95625,11.682471],[105.926562,11.65293],[105.889844,11.648389],[105.851465,11.63501],[105.838477,11.601318],[105.835352,11.559131],[105.854004,11.487061],[105.860938,11.372412],[105.856055,11.294287],[105.891602,11.244824],[106.099512,11.078662],[106.160937,11.037109],[106.167969,11.012305],[106.131543,10.921973],[106.163965,10.794922],[106.098828,10.797266],[105.990137,10.851807],[105.938184,10.885156],[105.875195,10.858496],[105.85332,10.863574],[105.810742,10.926074],[105.755078,10.98999],[105.697754,10.994043],[105.576563,10.968896],[105.452734,10.951416],[105.405762,10.951611],[105.386523,10.940088],[105.314648,10.845166],[105.284277,10.861475],[105.159473,10.897559],[105.045703,10.911377],[105.022266,10.886865],[105.036133,10.809375],[105.061133,10.733789],[105.046387,10.70166],[104.983887,10.661914],[104.90127,10.590234],[104.850586,10.534473],[104.81543,10.520801],[104.689648,10.523242],[104.564258,10.515967],[104.514063,10.46333],[104.466992,10.422363],[104.426367,10.41123],[104.262402,10.54126],[103.937109,10.586621],[103.901758,10.643945],[103.870508,10.655127],[103.840527,10.580566],[103.661914,10.508936],[103.587109,10.552197],[103.532227,10.604639],[103.54043,10.668701],[103.59209,10.721045],[103.680859,10.758594],[103.721875,10.890137],[103.654297,11.058691],[103.59502,11.107764],[103.532422,11.14668],[103.466699,11.083984],[103.411328,10.976758],[103.353613,10.921582],[103.272168,10.909277],[103.152832,10.913721],[103.106445,11.073779],[103.091113,11.211084],[103.107422,11.367773],[103.125488,11.460645],[103.010547,11.588672],[103.004199,11.710596],[102.948633,11.773486],[102.932324,11.741699],[102.933887,11.706689],[102.918066,11.73208],[102.736621,12.089795],[102.70625,12.255664],[102.737402,12.383398],[102.755664,12.42627],[102.70332,12.493506],[102.629687,12.569922],[102.499609,12.669971],[102.490723,12.82832],[102.461719,13.015039],[102.422656,13.077979],[102.362988,13.192969],[102.330762,13.288232],[102.319727,13.53999],[102.336328,13.560303],[102.428516,13.567578],[102.546875,13.585693],[102.565527,13.626367],[102.544727,13.659961],[102.62041,13.716943],[102.728906,13.841895],[102.812793,13.972461],[102.873242,14.054883],[102.909277,14.136719],[103.031055,14.252539],[103.199414,14.332617],[103.313477,14.351318],[103.432422,14.378613],[103.546387,14.417432],[103.600391,14.421094],[103.741895,14.37417],[103.818359,14.362158],[103.898633,14.362793],[103.981836,14.35791],[104.054297,14.362744],[104.227734,14.395508],[104.411621,14.36958],[104.575781,14.390039],[104.779004,14.427832],[104.878809,14.404004],[104.969727,14.366113],[104.982422,14.289453],[105.003418,14.254443],[105.033691,14.227393],[105.074121,14.227441],[105.125977,14.280957],[105.169141,14.336084],[105.183301,14.34624],[105.185547,14.319092],[105.207031,14.259375],[105.245703,14.200537],[105.284863,14.161475],[105.350195,14.10957],[105.392676,14.10708],[105.531543,14.156152],[105.739746,14.084961],[105.764063,14.049072],[105.831445,13.976611],[105.904492,13.924512],[106.066797,13.921191],[106.124707,14.049121],[106.09668,14.1271],[106.004102,14.262891],[105.978906,14.343018],[106.008398,14.357178],[106.165234,14.372363],[106.190723,14.388135],[106.225391,14.476221],[106.267969,14.466211],[106.35498,14.454785],[106.446973,14.515039],[106.501465,14.578223],[106.531152,14.549414],[106.563672,14.505078],[106.599219,14.479395],[106.66543,14.441309],[106.738184,14.387744],[106.783496,14.335107],[106.819922,14.314697],[106.913184,14.329395],[106.938086,14.327344],[106.992187,14.391016],[107.030176,14.425684],[107.062402,14.415771],[107.109375,14.416699],[107.206641,14.4979],[107.262305,14.572119],[107.292676,14.592383],[107.379883,14.555322],[107.414746,14.562891],[107.465137,14.66499],[107.519434,14.705078]]]]}}]}
